first_name,last_name,email,gender,movie_genre,movie_title,movie_rating
Monroe,Scarff,mscarff0@vimeo.com,Male,Comedy,D3: The Mighty Ducks,52.0
Sayers,Koenraad,skoenraad1@narod.ru,male,Drama,"Art of Crying, The (Kunsten at græde i kor)",74.0
Staffard,Clague,sclague2@typepad.com,Male,IMAX,Everest,66.0
Gerda,Rameaux,grameaux3@photobucket.com,Female,Crime,Love and a .77.
Cathlene,Pyffe,cpyffe4@phoca.cz,Female,Thriller,"Carpenter, The",57.0
Mickey,Laver,mlaver5@bigcartel.com,Female,Horror,Leprechaun: Origins,56.0
Cliff,Willgress,cwillgress6@drupal.org,male,Drama,"Longshots, The",82.0
Almeria,Lanchbery,alanchbery7@java.com,female,Action,Sudden Death,50.0
Andreas,De Benedictis,adebenedictis8@house.gov,M,Drama,"Visit, The",60.0
Tessie,Elsmore,telsmore9@weather.com,Female,Drama,Fallen,70.0
Karissa,Metcalf,kmetcalfa@toplist.cz,Female,Drama,Kundun,75.0
Palm,Erie,perieb@hud.gov,Male,Western,Buck and the Preacher,75.0
Marney,Chilvers,mchilversc@cocolog-nifty.com,F,Drama,Tiresia,70.0
Gray,Huggons,ghuggonsd@slideshare.net,Male,Drama,Half Nelson,66.0
Andrej,Klemps,aklempse@dyndns.org,Male,Drama,"Dying Gaul, The",57.0
Atlante,Matzel,amatzelf@cdc.gov,Female,Documentary,A.K.A. Don Bonus,58.0
Bruno,Geeson,bgeesong@diigo.com,Male,Thriller,Safe House,50.0
Percival,Kenwell,pkenwellh@cocolog-nifty.com,Male,Comedy,"My Daughter, the Socialist (I kori mou, i sosialistria)",54.0
Maxie,Regorz,mregorzi@moonfruit.com,Male,Comedy,Boris and Natasha,67.0
Cinda,Benn,cbennj@1und1.de,Female,Documentary,Marjoe,57.0
Janey,Drennan,jdrennank@mysql.com,Female,Drama,Bird,59.0
Frazier,O' Finan,fofinanl@mediafire.com,M,Documentary,American Addict,58.0
Burke,O'Gorman,bogormanm@skype.com,Male,Action,Young Guns II,74.0
Read,McMichan,rmcmichann@upenn.edu,Male,Comedy,Sprung,61.0
Ava,Cunnow,acunnowo@hatena.ne.jp,F,Horror,Possession,58.0
Floria,Raxworthy,fraxworthyp@tuttocitta.it,female,Comedy,"Woman Is a Woman, A (femme est une femme, Une)",70.0
Talya,Keaves,tkeavesq@mediafire.com,Female,Documentary,Made in Jamaica,71.0
Normand,Devall,ndevallr@zimbio.com,Male,Drama,Under the Roofs of Paris (Sous les toits de Paris),63.0
Adele,Thurlbourne,athurlbournes@desdev.cn,Female,Comedy,Jim Breuer: And Laughter for All,65.0
Sigismundo,Kinvig,skinvigt@loc.gov,Male,Horror,"Barrens, The",72.0
Noel,Heathcoat,nheathcoatu@rambler.ru,Female,Drama,Captain from Castile,74.0
Pris,Kenefick,pkenefickv@bloglovin.com,Female,Adventure,Around the World in 80 Days,63.0
Michaela,Wiz,mwizw@indiatimes.com,Female,Crime,Backflash (Backflash Blues),
Quillan,Sterke,qsterkex@ibm.com,Male,Drama,Heat and Dust,63.0
Charmian,Korting,ckortingy@flickr.com,female,Drama,The Killing Jar,76.0
Pietrek,Hesbrook,phesbrookz@ameblo.jp,male,Action,Torrid Zone,57.0
Padgett,Meconi,pmeconi10@nih.gov,Male,Drama,"Convent, The (O Convento)",65.0
Malena,Lammerding,mlammerding11@gov.uk,Female,Musical,Across the Universe,66.0
Kayla,Szwandt,kszwandt12@istockphoto.com,Female,Romance,"Visitor, The",
Xenia,Colton,xcolton13@sciencedaily.com,f,Drama,"Citizen, The",68.0
Nonna,McRonald,nmcronald14@boston.com,Female,Drama,Locke,70.0
Emmalee,Wakeham,ewakeham15@acquirethisname.com,Female,Drama,Comradeship (Kameradschaft),57.0
Freddy,Kesteven,fkesteven16@wisc.edu,Female,Documentary,Steal This Film,79.0
Aymer,Wailes,awailes17@ucsd.edu,Male,Sci-Fi,Children of Dune,59.0
Kari,Brough,kbrough18@phpbb.com,F,Drama,Dogtooth (Kynodontas),62.0
Sammy,Whimper,swhimper19@tinypic.com,Female,Crime,Mad Dog Coll,63.0
Timmy,Punter,tpunter1a@prlog.org,Male,War,"Very Long Engagement, A (Un long dimanche de fiançailles)",69.0
Gordon,Roskelley,groskelley1b@plala.or.jp,Male,War,Eight Iron Men,66.0
Tawsha,Robertis,trobertis1c@bloomberg.com,Female,Comedy,Bob Saget: That Ain't Right,83.0
Reinhard,Draycott,rdraycott1d@state.gov,Male,Crime,Bewitched (Alter Ego),
Maurits,Barkas,mbarkas1e@google.cn,Male,Mystery,Frequencies,55.0
Kala,Chstney,kchstney1f@scribd.com,Female,Drama,Lifeguard,59.0
Carlie,Patshull,cpatshull1g@flavors.me,Female,Comedy,The Adventures of Hercules,61.0
Leta,Kiely,lkiely1h@rambler.ru,Female,Drama,Carmen,78.0
Robbie,Horick,rhorick1i@ning.com,Female,Horror,Prom Night IV: Deliver Us From Evil,64.0
Rollin,Bockmaster,rbockmaster1j@europa.eu,Male,Drama,The Loyal 47 Ronin,56.0
Darius,Kynvin,dkynvin1k@apple.com,Female,Documentary,Podwórka,75.0
Kim,Brough,kbrough1l@i2i.jp,Female,Drama,Purge (Puhdistus),58.0
Rosalie,Bruin,rbruin1m@a8.net,Female,Drama,The Last Train through Harecastle Tunnel,70.0
Mel,Morillas,mmorillas1n@symantec.com,Female,Action,"Final Option, The (Who Dares Wins)",79.0
Reilly,Cruz,rcruz1o@pbs.org,Male,Romance,Mallrats,60.0
Genia,Frankel,gfrankel1p@facebook.com,Female,Thriller,End of the Line,70.0
Rivy,Rapa,rrapa1q@godaddy.com,Female,Sci-Fi,Calculator,62.0
Tynan,Franiak,tfraniak1r@google.de,M,Action,Attila (Attila the Hun),61.0
Ramonda,Dundridge,rdundridge1s@soup.io,Female,Adventure,"Colour of Magic, The (Terry Pratchett's The Colour of Magic)",54.0
Abby,Graser,agraser1t@earthlink.net,male,Drama,"Killer Is Loose, The",61.0
Cecelia,MacLise,cmaclise1u@sakura.ne.jp,Female,Drama,"Good Shepherd, The",57.0
Ricard,Lane,rlane1v@ucsd.edu,Male,Documentary,"Island President, The",77.0
Linus,Sharma,lsharma1w@sourceforge.net,Male,Comedy,The Appointments of Dennis Jennings,70.0
Kelly,Marling,kmarling1x@yahoo.co.jp,Female,Drama,"Therese Raquin (a.k.a. Adultress, The)",58.0
Daisy,Vassano,dvassano1y@ycombinator.com,Female,Drama,Monsieur Vincent,65.0
Ines,Eayrs,ieayrs1z@epa.gov,Female,Documentary,"Long Way Home, The",70.0
Zaneta,Brotherhed,zbrotherhed20@chron.com,Female,Crime,Talaash,70.0
Hobard,McGarrity,hmcgarrity21@unesco.org,male,Drama,Billy the Kid,69.0
Ruddy,Marages,rmarages22@youtu.be,Male,Action,Men of Means,62.0
Della,Pohl,dpohl23@printfriendly.com,Female,Comedy,Clerks,70.0
Janet,Pipe,jpipe24@cloudflare.com,Female,Action,Tracers,
Nedi,Sclater,nsclater25@illinois.edu,Female,Drama,Murk (Mørke),67.0
Marieann,Chadband,mchadband26@canalblog.com,female,Documentary,Trumbo,67.0
Kerk,Kobierzycki,kkobierzycki27@apple.com,male,Documentary,"Danube Exodus, The",67.0
Chrystal,Laxon,claxon28@hp.com,Female,Documentary,Mutantes,68.0
Jessica,Curnnokk,jcurnnokk29@amazon.de,f,Drama,I Love You Again,49.0
Melitta,Dowell,mdowell2a@addthis.com,Female,Drama,Broken,69.0
Cleveland,Hayles,chayles2b@github.com,Male,Drama,8:65.
Ebba,Van der Veldt,evanderveldt2c@economist.com,Female,Drama,Live-In Maid (Cama adentro),
Rad,Gilleson,rgilleson2d@rambler.ru,male,Adventure,"Pursuit of D.B. Cooper, The (a.k.a. Pursuit)",
Ludvig,Melliard,lmelliard2e@omniture.com,Male,Adventure,On the Road,66.0
Hermy,Possa,hpossa2f@dailymotion.com,Male,Documentary,Modulations,70.0
Hagan,Gudgin,hgudgin2g@mac.com,Male,(no genres listed),At Land,73.0
Edan,MacKall,emackall2h@wix.com,Female,Drama,Sons and Lovers,69.0
Jeno,Wooldridge,jwooldridge2i@hugedomains.com,Male,Drama,Faat Kiné,61.0
Lew,Alyukin,lalyukin2j@lycos.com,Male,Action,"Librarian, The: The Curse of the Judas Chalice",60.0
Berri,Bernhard,bbernhard2k@dot.gov,Female,Documentary,East Side Story,58.0
Les,David,ldavid2l@businesswire.com,Male,Drama,Quod erat demonstrandum,70.0
Alexandros,Whittier,awhittier2m@naver.com,Male,Drama,Plunkett & MaCleane,61.0
Gaston,Tomlinson,gtomlinson2n@meetup.com,Male,Children,Golden Christmas  A,68.0
Koral,Silbermann,ksilbermann2o@europa.eu,Female,Drama,"Big Circus, The",63.0
Averyl,Berrygun,aberrygun2p@archive.org,Female,Crime,Herman's House,71.0
Bondon,Ogan,bogan2q@businessinsider.com,Male,Drama,My Sweet Pepper Land,67.0
Karlik,Beccera,kbeccera2r@fotki.com,Male,Drama,Gotti,67.0
Clementius,Khrishtafovich,ckhrishtafovich2s@paypal.com,Male,Drama,Room at the Top,50.0
Korella,Stoneham,kstoneham2t@storify.com,Female,Drama,Intentions of Murder (a.k.a. Murderous Instincts) (Akai satsui),53.0
Ajay,Osgorby,aosgorby2u@senate.gov,f,Comedy,Yrrol: An Enormously Well Thought Out Movie (Yrrol - en kolossalt genomtänkt film),58.0
Justino,Delmonti,jdelmonti2v@ehow.com,Male,Horror,Of Unknown Origin,63.0
Maia,Fenwick,mfenwick2w@163.com,Female,Drama,Eureka,67.0
Emmery,Nyles,enyles2x@uol.com.br,Male,Horror,Murders in the Zoo,61.0
Jordain,Golton,jgolton2y@ox.ac.uk,Female,Adventure,"Missing, The",53.0
Heddie,Enterlein,henterlein2z@amazonaws.com,Female,Documentary,Russell Peters: The Green Card Tour - Live from the O2 Arena,57.0
Dorthea,Bearblock,dbearblock30@artisteer.com,Female,Mystery,Spellbound,
Clarita,Matchett,cmatchett31@house.gov,Female,Drama,"Round Up, The (La Rafle)",73.0
Carter,Standish,cstandish32@naver.com,Male,Comedy,Private Parts,53.0
Kipp,Crossfeld,kcrossfeld33@artisteer.com,Male,Thriller,Show Me,65.0
Arron,Sneddon,asneddon34@oracle.com,Male,Mystery,Ringu (Ring),
Tedda,Popham,tpopham35@arstechnica.com,F,Documentary,Bohemian Eyes (Boheemi elää - Matti Pellonpää),75.0
Dermot,Batty,dbatty36@tripadvisor.com,male,Mystery,Digging Up the Marrow,60.0
Tootsie,Thomton,tthomton37@xinhuanet.com,Female,Thriller,Firestorm,67.0
Meriel,Egdell,megdell38@unicef.org,Female,Sci-Fi,RoboGeisha (Robo-geisha),49.0
Esma,Angless,eangless39@earthlink.net,Female,Drama,Look at Me (Comme une image),68.0
Anthia,Poppleston,apoppleston3a@youtube.com,F,Drama,Garage,72.0
Rouvin,McKeady,rmckeady3b@ning.com,Male,Documentary,Food Stamped,57.0
Zandra,Rooksby,zrooksby3c@tamu.edu,Female,Comedy,Paul Williams Still Alive,68.0
Sydney,Haly,shaly3d@livejournal.com,male,Comedy,My Mom's New Boyfriend,74.0
Steve,Buesden,sbuesden3e@usda.gov,Female,Romance,Broadway Serenade,59.0
Gwen,MacIlhargy,gmacilhargy3f@clickbank.net,Female,Comedy,"Man with Bogart's Face, The",56.0
Rickard,Lemonnier,rlemonnier3g@unicef.org,Male,(no genres listed),A Fight For,53.0
Conney,Holleworth,cholleworth3h@list-manage.com,Male,Comedy,Caveman,68.0
Arlene,Wiltsher,awiltsher3i@alexa.com,Female,Romance,Desk Set,70.0
Brandice,Scurrer,bscurrer3j@archive.org,Female,Animation,"Turtle's Tale: Sammy's Adventures, A",65.0
Farr,Lowther,flowther3k@freewebs.com,Male,Comedy,I'll Do Anything,60.0
Rabi,Farlam,rfarlam3l@fastcompany.com,Male,Drama,"Witnesses, The (Les témoins)",69.0
Benyamin,McEnhill,bmcenhill3m@ibm.com,Male,War,Gallipoli,62.0
Augusto,Dolling,adolling3n@csmonitor.com,Male,Drama,Look,69.0
Obidiah,Spleving,ospleving3o@arizona.edu,Male,Drama,That Night's Wife,81.0
Cathlene,Cowderoy,ccowderoy3p@umn.edu,Female,Horror,Virus,70.0
Kelcie,Strutt,kstrutt3q@wired.com,F,Thriller,Dying Breed,69.0
Orland,Weddell,oweddell3r@disqus.com,Male,Drama,State of Siege (État de siège),62.0
Hurley,Pilsbury,hpilsbury3s@princeton.edu,Male,Drama,"Caveman's Valentine, The",74.0
Franny,Berrow,fberrow3t@springer.com,f,Horror,Rubber Johnny,
Adelbert,Szymanowski,aszymanowski3u@networkadvertising.org,Male,Drama,Hell's Angels,76.0
Agnesse,Hodgins,ahodgins3v@rambler.ru,F,Drama,"Big Bang Love, Juvenile A (46-okunen no koi)",66.0
Calv,Budd,cbudd3w@eepurl.com,Male,Comedy,What About Dick?,44.0
Diane,Longden,dlongden3x@cargocollective.com,Female,Thriller,Brothers: The Return,64.0
Ezechiel,Verillo,everillo3y@whitehouse.gov,Male,Drama,Chicago  The,61.0
Linnell,Di Bartolommeo,ldibartolommeo3z@com.com,Female,Animation,Doctor Strange,67.0
Riobard,Hynes,rhynes40@nps.gov,male,Crime,Appointment with Death,65.0
Romola,Fumagallo,rfumagallo41@netlog.com,female,Documentary,Beats Rhymes & Life: The Travels of a Tribe Called Quest,63.0
Joella,Talton,jtalton42@hibu.com,Female,Drama,Gold,84.0
Gustavus,Goter,ggoter43@ft.com,Male,Sci-Fi,On the Silver Globe (Na srebrnym globie),64.0
Livvy,Twinning,ltwinning44@bing.com,F,Drama,Blood on the Moon,58.0
Kliment,Wilshin,kwilshin45@usa.gov,M,Crime,"It Is Written in the Stars, Inspector Palmu (Tähdet kertovat, komisario Palmu)",60.0
Etty,Jacop,ejacop46@ucoz.com,Female,Drama,Karthik Calling Karthik,55.0
Bram,Elliss,belliss47@163.com,Male,Romance,Runaway Bride,67.0
Eberto,Avraham,eavraham48@flavors.me,Female,Drama,Sundays and Cybele (Les dimanches de Ville d'Avray),75.0
Corey,Nicol,cnicol49@ted.com,Male,Comedy,Love Crazy,85.0
Alejandrina,Hursey,ahursey4a@marriott.com,Female,Documentary,Operation Homecoming: Writing the Wartime Experience,61.0
Tiler,Reaper,treaper4b@about.me,male,Crime,Murder by Numbers,63.0
Turner,Quarterman,tquarterman4c@go.com,Male,Drama,"Fall of the Roman Empire, The",74.0
Marj,Hofner,mhofner4d@gmpg.org,Female,Documentary,Visions of Light: The Art of Cinematography,77.0
Claire,Paterson,cpaterson4e@whitehouse.gov,Female,Comedy,"Little Rascals, The",53.0
Luciano,Pee,lpee4f@cargocollective.com,Male,Crime,Rififi (Du rififi chez les hommes),62.0
Huntington,Glancy,hglancy4g@sina.com.cn,Male,Drama,"Good Lawyer's Wife, A (Baramnan gajok)",68.0
Darn,Zeale,dzeale4h@weebly.com,Male,Crime,Outrage,69.0
Francene,Berceros,fberceros4i@ovh.net,Female,Thriller,"Frighteners, The",37.0
Balduin,Keford,bkeford4j@slideshare.net,Male,Horror,Prison of the Dead,50.0
Carney,Kuschke,ckuschke4k@addthis.com,Male,Thriller,Everly,74.0
Georgie,Dulwitch,gdulwitch4l@cbslocal.com,Female,Action,Mighty Peking Man (a.k.a. Goliathon) (Xing xing wang),69.0
Garry,Guild,gguild4m@apache.org,Male,War,Murphy's War,69.0
Giordano,Tremayne,gtremayne4n@theglobeandmail.com,Male,Drama,Saint John of Las Vegas,55.0
Sheilah,Doorly,sdoorly4o@europa.eu,Female,Crime,Middle Men,69.0
Basilius,Palliser,bpalliser4p@nhs.uk,Male,Drama,Cast Away,77.0
Kitti,Nestoruk,knestoruk4q@nasa.gov,F,Drama,Easy Virtue,52.0
Linnea,Rubinow,lrubinow4r@friendfeed.com,Female,Romance,Aaja Nachle,69.0
Herrick,Mandel,hmandel4s@cocolog-nifty.com,m,Sci-Fi,Lost in Space,52.0
Nelle,Moring,nmoring4t@chron.com,f,Comedy,Frosty the Snowman,78.0
Jacinthe,Safell,jsafell4u@ycombinator.com,Female,Comedy,Basket Case 69.
Janka,Gaveltone,jgaveltone4v@cbsnews.com,Female,Action,Replicant,82.0
Kati,Bertome,kbertome4w@soundcloud.com,F,Adventure,Bear with Me,50.0
Pate,Dengate,pdengate4x@i2i.jp,male,Drama,"Butcher Boy, The",64.0
Danyette,Ohm,dohm4y@yandex.ru,Female,Drama,Of Gods and Men (Des hommes et des dieux),65.0
Auberon,Diffley,adiffley4z@lycos.com,Male,Drama,Afterburn,74.0
Berny,Dell'Abbate,bdellabbate50@time.com,Male,Drama,Boom!,45.0
Guillema,Worton,gworton51@geocities.com,Female,Romance,"Law of Desire (Ley del deseo, La)",60.0
Abigael,Rape,arape52@webs.com,Female,Documentary,Flow: For Love of Water,53.0
Towny,Schirach,tschirach53@jiathis.com,Male,Documentary,Sun on the Horizon,72.0
Cynthy,Jiroudek,cjiroudek54@com.com,Female,Adventure,"Wind and the Lion, The",71.0
Kiel,Ebdin,kebdin55@tiny.cc,Male,Horror,Mama,76.0
Meir,Venour,mvenour56@ca.gov,Male,Adventure,D.A.R.Y.L.,58.0
Matthaeus,Noell,mnoell57@columbia.edu,Male,Documentary,Cleanflix,60.0
Barron,Foulks,bfoulks58@feedburner.com,Male,Romance,Singin' in the Rain,61.0
Yorgo,Lea,ylea59@mysql.com,Male,Drama,Kind Lady,61.0
Spike,Stalf,sstalf5a@soup.io,Male,Comedy,Never Say... Never! (Il ne faut jurer... de rien!),61.0
Kandy,Harry,kharry5b@discovery.com,Female,Crime,Plot of Fear,65.0
Sutton,Cardnell,scardnell5c@accuweather.com,Male,Drama,Moon Child,72.0
Lauritz,Golborn,lgolborn5d@admin.ch,Male,Romance,Shinobi: Heart Under Blade,62.0
Marcelline,Eastway,meastway5e@163.com,Female,Drama,"No Blood Relation (Stepchild, The) (Nasanunaka)",79.0
Jolene,Faunch,jfaunch5f@wix.com,Female,Adventure,"Pig's Tale, A",69.0
Casar,Standingford,cstandingford5g@barnesandnoble.com,Male,Sci-Fi,Short Circuit 73.
Shepperd,Slaymaker,sslaymaker5h@slate.com,male,Crime,Wasabi,68.0
Garrik,Stook,gstook5i@bandcamp.com,Male,Drama,"Father of My Children, The (Le père de mes enfants)",67.0
Joice,Stygall,jstygall5j@stumbleupon.com,female,Drama,Aerial Gunner,
Phelia,Maly,pmaly5k@opera.com,Female,Drama,American Perfekt,60.0
Hill,Bramhall,hbramhall5l@wikispaces.com,Male,Documentary,Last Train Home,63.0
Kellina,Booy,kbooy5m@nifty.com,Female,Drama,"Help, The",
Janetta,Gunson,jgunson5n@amazonaws.com,Female,Horror,"Pit, The",73.0
Kelley,Rittmeier,krittmeier5o@ycombinator.com,Male,Musical,Beloved (Les bien-aimées),61.0
Garfield,Frew,gfrew5p@nps.gov,Male,Drama,Michael Shayne: Private Detective,54.0
Dorise,Mathison,dmathison5q@statcounter.com,Female,Horror,Raw Meat (Death Line),66.0
Felice,Skoughman,fskoughman5r@google.com.br,Male,Drama,Thunder Rock,69.0
Currie,McKyrrelly,cmckyrrelly5s@uol.com.br,Male,Romance,Undertow (Contracorriente),46.0
Winthrop,Geldard,wgeldard5t@scientificamerican.com,Male,Documentary,No Direction Home: Bob Dylan,48.0
Alfy,Morforth,amorforth5u@quantcast.com,Male,Horror,Howling II: Your Sister Is a Werewolf,65.0
Nevin,D'Antuoni,ndantuoni5v@google.com.au,Male,Crime,Johnny Angel,65.0
Jozef,Begent,jbegent5w@usatoday.com,Male,Drama,My Crazy Life (Mi vida loca),61.0
Francklin,Watling,fwatling5x@ca.gov,male,Drama,Comrades: Almost a Love Story (Tian mi mi),81.0
Herc,Havers,hhavers5y@cloudflare.com,Male,Action,Jack Brooks: Monster Slayer,78.0
Binni,Holby,bholby5z@usda.gov,Female,Comedy,Punching the Clown,71.0
Anselm,Trousdell,atrousdell60@icio.us,male,Documentary,L'instant et la patience ,51.0
Clemens,Casswell,ccasswell61@paginegialle.it,Male,Thriller,Far from Home,51.0
Maryanna,Salleir,msalleir62@newsvine.com,Female,Drama,"Big Chill, The",67.0
Nicolas,Ruslin,nruslin63@t-online.de,Male,Crime,Hang 'Em High,
Hermann,Friberg,hfriberg64@nytimes.com,Male,Drama,...tick... tick... tick...,71.0
Elvis,Chatelain,echatelain65@microsoft.com,Female,Drama,Ben X,77.0
Carolina,Lucken,clucken66@statcounter.com,Female,Action,Mercury Rising,51.0
Kele,Walsom,kwalsom67@vk.com,Male,Documentary,Bad Blood: A Cautionary Tale ,71.0
Rog,Golden of Ireland,rgoldenofireland68@ow.ly,Male,Comedy,Bitter Sweetheart,67.0
Brittni,Demaid,bdemaid69@nasa.gov,Female,Romance,Vampire in Brooklyn,71.0
Charline,Quantrell,cquantrell6a@booking.com,Female,Romance,Zerophilia,71.0
Teressa,Ferriday,tferriday6b@examiner.com,Female,Drama,Running Out of Time (Am zin),84.0
Sal,Housam,shousam6c@drupal.org,Female,Crime,The Blood of Fu Manchu,49.0
Jaquith,Lambole,jlambole6d@123-reg.co.uk,Female,Comedy,Goldene Zeiten,69.0
Celisse,Brockie,cbrockie6e@answers.com,Female,Comedy,Grand Theft Auto,68.0
Doti,Heaker,dheaker6f@people.com.cn,Female,Adventure,Pirates of the Caribbean: At World's End,80.0
Claribel,Oglesbee,coglesbee6g@tinyurl.com,F,Drama,"Land Without Bread (Hurdes, tierra sin pan, Las)",
Brade,Albrook,balbrook6h@wunderground.com,Male,Sci-Fi,"Land That Time Forgot, The",65.0
Alley,Wardesworth,awardesworth6i@nytimes.com,Male,Romance,Shirin in Love,59.0
Leonanie,Saltsberg,lsaltsberg6j@bing.com,Female,Romance,"Seventh Heaven (Septième ciel, Le)",69.0
Glenda,Channing,gchanning6k@etsy.com,Female,Comedy,Bridesmaids,64.0
Clarita,Tomaselli,ctomaselli6l@amazonaws.com,Female,Drama,Alamo Bay,68.0
Jaymie,Monksfield,jmonksfield6m@wiley.com,Male,Drama,My Sweet Pepper Land,65.0
Peggy,Spellecy,pspellecy6n@bluehost.com,female,Comedy,Shaun of the Dead,78.0
Milena,Humberston,mhumberston6o@google.fr,Female,Comedy,"Late Shift, The",63.0
Wilek,Atcock,watcock6p@timesonline.co.uk,Male,Documentary,Style Wars,66.0
Olympe,Murden,omurden6q@ebay.com,Female,Comedy,Vampires Suck,64.0
Neale,Matis,nmatis6r@chicagotribune.com,male,Crime,On the Run,64.0
Aveline,Ditchburn,aditchburn6s@cargocollective.com,Female,Romance,Birdemic: Shock and Terror,70.0
Trueman,Rosen,trosen6t@creativecommons.org,Male,Mystery,Klute,62.0
Mira,Blois,mblois6u@canalblog.com,Female,Adventure,Kismet,60.0
Tommi,Lomen,tlomen6v@phpbb.com,Female,Crime,Charlie Chan at the Race Track,68.0
Aggie,Lantiff,alantiff6w@princeton.edu,Female,Horror,"Possession of David O'Reilly, The ",60.0
Grenville,Daddow,gdaddow6x@epa.gov,Male,Romance,Shampoo,62.0
Shannan,Woolham,swoolham6y@printfriendly.com,Male,Comedy,"Game Plan, The",66.0
Ania,Machans,amachans6z@nationalgeographic.com,Female,Horror,Basket Case 3: The Progeny,
Tabby,Frape,tfrape70@forbes.com,male,Drama,Bye Bye Monkey (Ciao maschio),75.0
Joete,Alsford,jalsford71@unc.edu,Female,Comedy,On My Way (Elle s'en va),81.0
Cosimo,Oatley,coatley72@taobao.com,Male,Comedy,"Wake in Providence, A",
Berny,Reece,breece73@wikispaces.com,Female,Crime,"Musketeers of Pig Alley, The",62.0
Jilli,Glendining,jglendining74@ebay.com,Female,Western,Viva Villa!,69.0
Thaxter,Kneath,tkneath75@blog.com,Male,Action,Macross Plus,65.0
Paxton,Rissen,prissen76@linkedin.com,Male,Comedy,"Very Social Secretary, A",64.0
Charlie,Burch,cburch77@patch.com,Male,Thriller,"Cabinet of Caligari, The",52.0
Tatiana,Ellett,tellett78@globo.com,Female,Horror,Phantom of the Rue Morgue,52.0
Britney,Pedroli,bpedroli79@mtv.com,Female,Comedy,Baby Geniuses,
Spike,Frame,sframe7a@gravatar.com,Male,Drama,The Trip to Bountiful,66.0
Archer,Teissier,ateissier7b@slate.com,M,Drama,Salaam Bombay!,60.0
Birgitta,Blaydes,bblaydes7c@oakley.com,f,Comedy,Inadequate People (Neadekvatnye lyudi),60.0
Chicky,Stallen,cstallen7d@cnet.com,Female,Sci-Fi,Arrival II,69.0
Viviene,Scrogges,vscrogges7e@wufoo.com,Female,Drama,Driving Miss Daisy,70.0
Karlens,Basillon,kbasillon7f@salon.com,Male,Comedy,"Specials, The",65.0
Cora,Scrimgeour,cscrimgeour7g@photobucket.com,Female,Drama,Blood Ties,64.0
Lisabeth,Whitehair,lwhitehair7h@noaa.gov,Female,Comedy,School for Scoundrels,76.0
Talia,Nickoll,tnickoll7i@exblog.jp,Female,Documentary,Harmontown,49.0
Robbyn,Benyon,rbenyon7j@netvibes.com,Female,Drama,Clubland (a.k.a. Introducing the Dwights),53.0
Luther,Christmas,lchristmas7k@marriott.com,male,Documentary,Marilyn: The Untold Story,67.0
Reynard,Hebden,rhebden7l@wired.com,Male,Drama,Quod erat demonstrandum,63.0
Loretta,Duerden,lduerden7m@myspace.com,Female,Musical,Swing Time,53.0
Brendon,Wigin,bwigin7n@google.pl,Male,War,"Last Samurai, The",64.0
Egbert,Oldcote,eoldcote7o@google.com,Male,Drama,Mammoth (Mammut),72.0
Elane,Hedworth,ehedworth7p@deliciousdays.com,F,Fantasy,Dragon Age: Blood mage no seisen (a.k.a. Dragon Age: Dawn of the Seeker),57.0
Rex,Brewer,rbrewer7q@over-blog.com,male,Drama,Gossip,53.0
Sansone,Allen,sallen7r@lulu.com,Male,Comedy,Everyone Says I Love You,67.0
Pattie,Mayall,pmayall7s@apache.org,Female,Drama,"Dust of Time, The",56.0
Care,Witts,cwitts7t@weather.com,Male,Thriller,Lady in White (a.k.a. The Mystery of the Lady in White),57.0
Antoine,Aasaf,aaasaf7u@youtube.com,Male,Romance,The Missionaries,69.0
Selina,Drinkel,sdrinkel7v@g.co,Female,Sci-Fi,"Illustrated Man, The",69.0
Rona,Norgate,rnorgate7w@webs.com,Female,Adventure,Sky Fighters (Les Chevaliers Du Ciel),64.0
Shaughn,Jozwik,sjozwik7x@facebook.com,Male,Action,BloodRayne: The Third Reich,68.0
Francois,Tebbe,ftebbe7y@clickbank.net,Male,Sci-Fi,Ghost from the Machine (Phasma Ex Machina),79.0
Reinhard,Amies,ramies7z@wikimedia.org,Male,Comedy,Never on Sunday (Pote tin Kyriaki),91.0
Josey,Benham,jbenham80@sitemeter.com,female,Comedy,Metroland,57.0
Franciskus,Panichelli,fpanichelli81@hhs.gov,Male,Adventure,First Blood (Rambo: First Blood),58.0
Dominick,Hegarty,dhegarty82@bravesites.com,Male,Comedy,Welcome Mr. Marshall (Bienvenido Mister Marshall),81.0
Mar,MacCarrane,mmaccarrane83@dailymail.co.uk,M,Drama,Batch '73.
Gert,Turmall,gturmall84@indiatimes.com,Female,Thriller,"Ledge, The",78.0
Anette,Weond,aweond85@artisteer.com,Female,Comedy,Win a Date with Tad Hamilton!,67.0
Marlin,Pechell,mpechell86@cbc.ca,Male,Action,"Fort Apache, the Bronx",78.0
Ludwig,Purchase,lpurchase87@answers.com,Male,Drama,"Woman, a Gun and a Noodle Shop, A (San qiang pai an jing qi)",60.0
Carroll,Smickle,csmickle88@imageshack.us,Male,Drama,Boys,63.0
Craig,Kesey,ckesey89@histats.com,Male,Crime,"Thief of Paris, The (Le voleur)",65.0
Casper,Aspinal,caspinal8a@wikispaces.com,Male,Comedy,In the Bleak Midwinter,52.0
Mercie,O'Nion,monion8b@arstechnica.com,Female,Thriller,Skyjacked,
Mac,Ybarra,mybarra8c@xrea.com,Male,Drama,Hedda Gabler,59.0
Rabbi,Garrelts,rgarrelts8d@un.org,M,Drama,God's Comedy (A Comédia de Deus),61.0
Galvin,Gowenlock,ggowenlock8e@w3.org,male,Thriller,American Soldiers,66.0
Selie,Hitzke,shitzke8f@home.pl,Female,Animation,Green Lantern: Emerald Knights,66.0
Ardys,Ridesdale,aridesdale8g@howstuffworks.com,Female,Documentary,On Any Sunday,61.0
Milo,Sutherden,msutherden8h@etsy.com,Male,Documentary,Marjoe,66.0
Gawain,Bowman,gbowman8i@sourceforge.net,Male,Horror,Bay of Blood (a.k.a. Twitch of the Death Nerve) (Reazione a catena),67.0
Waylen,Hail,whail8j@hubpages.com,Male,Comedy,Patrice O'Neal: Elephant in the Room,63.0
Claiborne,Gores,cgores8k@cloudflare.com,Male,Comedy,Up the Academy,62.0
Ulrick,Wingrove,uwingrove8l@theguardian.com,Male,Fantasy,Presto,69.0
Lizzie,Seathwright,lseathwright8m@smh.com.au,Female,Comedy,La vérité si je mens !,63.0
Aggi,Pepler,apepler8n@tmall.com,Female,Documentary,"Man with the Movie Camera, The (Chelovek s kino-apparatom)",63.0
Timofei,Walasik,twalasik8o@youtu.be,Male,Romance,Head Over Heels,75.0
Olwen,Scruby,oscruby8p@godaddy.com,female,Comedy,"Confucian Confusion, A (Du li shi dai)",71.0
Guntar,Hanlon,ghanlon8q@paypal.com,Male,Documentary,Girls Rock!,65.0
Gusty,McAllaster,gmcallaster8r@hatena.ne.jp,Female,Drama,Crisis,59.0
Loni,Hasslocher,lhasslocher8s@mysql.com,Female,Drama,Providence,
Doll,Yerson,dyerson8t@unesco.org,female,Fantasy,"Deux mondes, Les",85.0
Cornell,Lezemere,clezemere8u@reuters.com,Female,Drama,Hannibal Rising,73.0
Karney,Jerams,kjerams8v@123-reg.co.uk,M,Drama,Crime and Punishment,45.0
Julius,Reddick,jreddick8w@google.es,Male,Drama,Hara-Kiri: Death of a Samurai,65.0
Falkner,Stansfield,fstansfield8x@ow.ly,Male,Drama,Mahjong (Ma jiang),59.0
Dusty,Yokel,dyokel8y@nih.gov,Female,War,"War Tapes, The",67.0
Leonidas,Kunert,lkunert8z@samsung.com,Male,Comedy,"To Do List, The",66.0
Lars,Cheves,lcheves90@angelfire.com,Male,Drama,"River, The (Joki)",63.0
Heath,Havile,hhavile91@amazon.co.uk,Female,Comedy,"World's Greatest Lover, The",60.0
Anders,Busby,abusby92@blog.com,Male,Drama,Uprising,47.0
Melody,Boothman,mboothman93@behance.net,Female,Drama,Planet of Snail,56.0
Conroy,Whittlesey,cwhittlesey94@wikia.com,Male,War,"Walk in the Sun, A",61.0
Cristobal,Carbine,ccarbine95@cdc.gov,Male,Comedy,Hellbenders,64.0
Julie,Suller,jsuller96@alibaba.com,Male,Romance,Besa (Solemn Promise),68.0
Pascal,Pietz,ppietz97@t.co,M,Comedy,Cousins,72.0
Morna,Bosomworth,mbosomworth98@dion.ne.jp,female,Drama,Leo the Last,66.0
Christy,Huckstepp,chuckstepp99@china.com.cn,female,Drama,Zero Hour!,59.0
Margette,Waycott,mwaycott9a@ftc.gov,Female,Comedy,"Apple Dumpling Gang Rides Again, The",74.0
Garry,Beaudry,gbeaudry9b@netlog.com,Male,Drama,"Yakuza, The",
Tad,Tampion,ttampion9c@wiley.com,M,Drama,Invictus,71.0
Ab,Baudoux,abaudoux9d@sphinn.com,M,Horror,"Descent, The",56.0
Mylo,Sylett,msylett9e@yolasite.com,Male,Drama,Guilty Hands,76.0
Neila,Plitz,nplitz9f@elpais.com,Female,Crime,"Taking of Pelham One Two Three, The",68.0
Torie,McSporon,tmcsporon9g@patch.com,Female,Comedy,"Deal, The",61.0
Branden,Prantoni,bprantoni9h@opera.com,Male,Thriller,"Cucaracha, La",52.0
Katheryn,Spilsbury,kspilsbury9i@vk.com,Female,Drama,Flight 62.
Shayne,McMearty,smcmearty9j@surveymonkey.com,Male,Crime,"Hour of the Pig, The",56.0
Dotty,Verduin,dverduin9k@cisco.com,Female,Drama,Enemies: A Love Story,60.0
Atalanta,Lundbech,alundbech9l@bbb.org,Female,Drama,"Goodbye, South, Goodbye (Nan guo zai jian, nan guo)",52.0
Octavius,Tzarkov,otzarkov9m@mozilla.com,Male,Crime,Stealing Harvard,63.0
Heloise,Ricci,hricci9n@businessweek.com,Female,Comedy,Big Momma's House,63.0
Sibby,Ewin,sewin9o@desdev.cn,Female,Comedy,Evil Dead II (Dead by Dawn),61.0
Cloris,Crannell,ccrannell9p@sbwire.com,Female,Drama,Equinox,64.0
Cahra,Speirs,cspeirs9q@bizjournals.com,female,Horror,Lord of Illusions,55.0
Sandor,Braznell,sbraznell9r@netlog.com,male,Horror,Jekyll & Hyde,66.0
Maridel,Woodcock,mwoodcock9s@opera.com,Female,Drama,Jesus of Montreal (Jésus de Montréal),61.0
Ashla,Thorndale,athorndale9t@google.ca,F,Mystery,"Tall Blond Man with One Black Shoe, The (Le grand blond avec une chaussure noire)",63.0
Westbrook,Putley,wputley9u@1688.com,Male,Romance,The Magic Flute,62.0
Laurence,Ballin,lballin9v@ifeng.com,Male,Thriller,Zero Dark Thirty,56.0
Shermie,Croce,scroce9w@columbia.edu,Male,Drama,Ratcatcher,66.0
Allina,Antonich,aantonich9x@sogou.com,Female,Comedy,Two if by Sea,58.0
Remington,Moreton,rmoreton9y@zdnet.com,Male,Drama,Possessed,53.0
Ruth,Widdocks,rwiddocks9z@cocolog-nifty.com,female,Documentary,Sign 'o' the Times,79.0
Quinton,Twort,qtworta0@hud.gov,Male,Comedy,"Garage, The",60.0
Grace,Henri,ghenria1@opensource.org,Female,Horror,Sorority House Massacre II,61.0
Sophi,Camilletti,scamillettia2@google.com.au,F,Comedy,Encino Man,76.0
Mandel,Hutcheon,mhutcheona3@odnoklassniki.ru,Male,Thriller,Training Day,65.0
Kendrick,Jayes,kjayesa4@engadget.com,Male,Thriller,Night Moves,62.0
Joeann,Mahady,jmahadya5@ycombinator.com,Female,Comedy,"Private Eyes, The",66.0
Paton,Domenici,pdomenicia6@paginegialle.it,Male,Drama,"Time of the Wolf, The (Le temps du loup)",76.0
Redford,Sibbe,rsibbea7@de.vu,Male,Comedy,"Truman Show, The",64.0
Mariana,Batte,mbattea8@hud.gov,Female,Children,Alice in Wonderland,64.0
Jonah,Jacson,jjacsona9@miitbeian.gov.cn,Male,Thriller,"Brothers Rico, The",54.0
Hersh,Lloyd-Williams,hlloydwilliamsaa@alibaba.com,Male,Drama,Camille Claudel,65.0
Georgeanne,Scapelhorn,gscapelhornab@youku.com,f,Documentary,"Obama Deception: The Mask Comes Off, The",70.0
Arturo,Levin,alevinac@army.mil,Male,Drama,The Siege of Firebase Gloria,69.0
Sibbie,Wogan,swoganad@un.org,female,Thriller,Shiri (Swiri),61.0
Minetta,Forder,mforderae@taobao.com,Female,Comedy,"Flim-Flam Man, The",59.0
Jacky,Drayton,jdraytonaf@wordpress.org,Female,Musical,Joseph and the Amazing Technicolor Dreamcoat,57.0
Auberta,Overbury,aoverburyag@nba.com,female,Drama,Herr Lehmann,67.0
Bob,Steane,bsteaneah@chron.com,Male,Romance,"Truth or Consequences, N.M.",75.0
Normie,Silley,nsilleyai@ovh.net,Male,Horror,Fausto 5.54.
Walliw,Gouthier,wgouthieraj@alexa.com,female,Comedy,Tamara Drewe,72.0
Fiann,Velez,fvelezak@blinklist.com,Female,Comedy,C(r)ook (Basta - Rotwein Oder Totsein),79.0
Gratia,Checkley,gcheckleyal@a8.net,Female,Drama,Stockholm Stories,76.0
Rubia,Crock,rcrockam@china.com.cn,Female,Action,They Call Him Bulldozer (Lo chiamavano Bulldozer),56.0
Anjela,Giblin,agiblinan@live.com,Female,War,Green Zone,67.0
Justis,Playford,jplayfordao@weebly.com,Female,Romance,Lovers & Leavers (Kuutamolla),67.0
Erna,Looney,elooneyap@jimdo.com,Female,Drama,Sexual Dependency (Dependencia sexual),74.0
Paxon,Attew,pattewaq@cpanel.net,Male,Drama,"Gambler, The",68.0
Nikolaos,Sallery,nsalleryar@ucsd.edu,Male,Documentary,Bikes vs Cars,52.0
Jilleen,Monaghan,jmonaghanas@google.ru,Female,Drama,Unthinkable,64.0
Phelia,Thain,pthainat@blog.com,Female,Western,Vengeance Valley,74.0
Layney,Myles,lmylesau@yellowpages.com,Female,Horror,"Baron Blood (Orrori del castello di Norimberga, Gli)",75.0
Vivianne,Cordaroy,vcordaroyav@hexun.com,Female,Romance,"Pick-up Artist, The",70.0
Florri,Parsand,fparsandaw@vkontakte.ru,F,Drama,"Cardinal, The",71.0
Darelle,Buttwell,dbuttwellax@columbia.edu,Female,Drama,Why Does Herr R. Run Amok? (Warum läuft Herr R. Amok?),75.0
Micky,Cometti,mcomettiay@wufoo.com,Male,Action,Conan the Destroyer,69.0
Kingston,Capps,kcappsaz@gnu.org,Male,Drama,"Paradine Case, The",56.0
Florentia,Murra,fmurrab0@icio.us,Female,Film-Noir,"Big Night, The",66.0
Sawyer,Torrie,storrieb1@e-recht24.de,Male,Crime,On the Other Side of the Tracks (De l'autre côté du périph),71.0
Anders,Derycot,aderycotb2@infoseek.co.jp,Male,Horror,Don't Look in the Basement!,61.0
Orv,Purkis,opurkisb3@hatena.ne.jp,Male,Adventure,Knights of the Round Table,67.0
Olag,Spellessy,ospellessyb4@histats.com,male,Sci-Fi,"Night of the Hunted, The (Nuit des traquées, La)",52.0
Kaiser,Burril,kburrilb5@cornell.edu,M,Drama,Zombie Honeymoon,61.0
Joel,Egerton,jegertonb6@ed.gov,male,Drama,Hand in Hand,63.0
Mile,Deverock,mdeverockb7@kickstarter.com,Male,Drama,Princesas,62.0
Kendre,Flay,kflayb8@epa.gov,Female,Horror,Rose Red,67.0
Erie,Checchetelli,echecchetellib9@squarespace.com,Male,Comedy,"Adventurer, The",66.0
Vinnie,Flounders,vfloundersba@ucoz.com,Female,Action,"Good Man in Africa, A",66.0
Bourke,Blaise,bblaisebb@cargocollective.com,Male,Comedy,Ricky,59.0
Rodrick,Troake,rtroakebc@wufoo.com,Male,Drama,Mass Appeal,75.0
Beverie,Bowdery,bbowderybd@vimeo.com,Female,Comedy,His New Profession,80.0
Jeanelle,Briiginshaw,jbriiginshawbe@accuweather.com,Female,Documentary,After Tiller,59.0
Retha,Cadalleder,rcadallederbf@fda.gov,F,Drama,Clandestine Childhood,71.0
Malia,Berthouloume,mberthouloumebg@taobao.com,Female,Romance,"Kiss, The",66.0
Evelyn,Stedell,estedellbh@huffingtonpost.com,Male,Drama,Bertie and Elizabeth,69.0
Devondra,Bartlet,dbartletbi@mapquest.com,female,Comedy,"King of Comedy, The",80.0
Remus,Landall,rlandallbj@joomla.org,Male,Drama,American Soldiers,75.0
Chadd,Longea,clongeabk@ow.ly,Male,Comedy,Happy New Year,62.0
Bertie,Meatyard,bmeatyardbl@nytimes.com,f,Documentary,Trek Nation,70.0
Eulalie,Dunston,edunstonbm@blogspot.com,Female,Mystery,Valentine,69.0
Dania,Hugland,dhuglandbn@webmd.com,Female,Drama,Brass Monkey,62.0
Arlan,Highnam,ahighnambo@thetimes.co.uk,Male,Crime,Little Fish,59.0
Hewie,Dowry,hdowrybp@nsw.gov.au,Female,Action,Courage Under Fire,
Kay,Pennyman,kpennymanbq@prnewswire.com,Female,War,I Accuse,62.0
Karlie,Crewther,kcrewtherbr@typepad.com,Female,Children,Another Cinderella Story,69.0
Denyse,Gadney,dgadneybs@samsung.com,Female,Comedy,"Gentlemen Don't Eat Poets (Grotesque, The)",60.0
Rudd,Mityushin,rmityushinbt@forbes.com,M,Drama,Yo Yo (Yoyo),65.0
Andree,Hammon,ahammonbu@slideshare.net,Female,Comedy,"Nude Bomb, The",65.0
Reiko,Greene,rgreenebv@exblog.jp,Female,Documentary,Man for a Day,75.0
Dan,Bortol,dbortolbw@mail.ru,Male,Documentary,Advertising and the End of the World,
Baudoin,Bettis,bbettisbx@php.net,Male,Drama,"Personals, The (Zheng hun qi shi)",73.0
Otes,Kall,okallby@multiply.com,M,Action,Scott Pilgrim vs. the World,73.0
Tyson,Kemet,tkemetbz@devhub.com,Male,Horror,Tell-Tale,59.0
Catharina,Anthill,canthillc0@people.com.cn,Female,Thriller,Mississippi Burning,75.0
Dion,Cogger,dcoggerc1@google.de,Female,Drama,"Familie, En",
Clemmie,Janku,cjankuc2@wp.com,Male,Children,Atlantis: The Lost Empire,77.0
Mathilde,Oganesian,moganesianc3@tinyurl.com,Female,Drama,Miracle in Milan (Miracolo a Milano),52.0
Conrado,Sherrell,csherrellc4@google.com.br,Male,Comedy,Thumbsucker,57.0
Wright,Budd,wbuddc5@stumbleupon.com,M,Action,Infernal Affairs III (Mou gaan dou III: Jung gik mou gaan),59.0
Dominic,Spurryer,dspurryerc6@github.io,Female,Drama,Street Scene,64.0
Caryn,Varley,cvarleyc7@oracle.com,Female,Western,Catlow,70.0
Darrel,Stolworthy,dstolworthyc8@nhs.uk,Male,Comedy,"Goodbye Girl, The",74.0
Susanetta,Sayre,ssayrec9@naver.com,Female,Drama,"Family Friend, The (L'amico di famiglia)",71.0
Moore,Dunkerley,mdunkerleyca@guardian.co.uk,male,Drama,Varasto,79.0
Dag,Micklem,dmicklemcb@harvard.edu,Male,Comedy,Phantom of the Megaplex,65.0
Calley,Oloshkin,coloshkincc@timesonline.co.uk,Female,Romance,Lost in Translation,
Alene,Pinckard,apinckardcd@ox.ac.uk,Female,Drama,This Is Elvis,70.0
Jard,Haruard,jharuardce@creativecommons.org,Male,Fantasy,Shinobi: Heart Under Blade,58.0
Rycca,Gundrey,rgundreycf@quantcast.com,Female,Drama,8 Mile,56.0
Dyanna,Arkill,darkillcg@tumblr.com,Female,Musical,"Jolson Story, The",70.0
Stuart,Bootman,sbootmanch@uol.com.br,Male,Drama,Strip Search,58.0
Doralin,Taffarello,dtaffarelloci@cnn.com,Female,Comedy,10 Things I Hate About You,49.0
Haily,Sheed,hsheedcj@hatena.ne.jp,Female,Comedy,Live!,65.0
Ranice,Pesik,rpesikck@china.com.cn,female,Documentary,The Dark Matter of Love,61.0
Farra,Tong,ftongcl@moonfruit.com,Female,Drama,Petits Freres (Petits Frères),64.0
Gertrud,Schusterl,gschusterlcm@upenn.edu,Male,Comedy,Tyler Perry's Why Did I Get Married Too?,
Johnathan,Keyhoe,jkeyhoecn@twitter.com,male,Sci-Fi,Jessie James Meets Frankenstein's Daughter,68.0
Jermayne,Gadsby,jgadsbyco@alibaba.com,male,Adventure,"Life Aquatic with Steve Zissou, The",63.0
Chelsae,Smidmore,csmidmorecp@gizmodo.com,F,Comedy,Better Off Dead...,70.0
Sonya,Braham,sbrahamcq@ucsd.edu,Female,Drama,Crocodile (Ag-o),59.0
Joshia,Leist,jleistcr@omniture.com,Male,Drama,Cremaster 78.
Amabel,Hefferan,ahefferancs@odnoklassniki.ru,Female,Action,Bulletproof,70.0
Laraine,Millen,lmillenct@ameblo.jp,F,Comedy,Los Marziano,75.0
Tremaine,Fominov,tfominovcu@cargocollective.com,Male,Documentary,Now!,54.0
Pet,Moynham,pmoynhamcv@google.cn,Female,Horror,"House That Dripped Blood, The",
Adriano,Vedyasov,avedyasovcw@purevolume.com,Male,Romance,Absence of Malice,81.0
Alvinia,Skeene,askeenecx@barnesandnoble.com,Female,Horror,"Premature Burial, The",69.0
Imogene,Baddam,ibaddamcy@narod.ru,female,Drama,Breathe In,61.0
Gradeigh,MacKereth,gmackerethcz@google.it,Male,Drama,Things We Do For Love (Kaikella rakkaudella),61.0
Loraine,Eales,lealesd0@java.com,Female,Drama,Man of the World,64.0
Dewitt,Casol,dcasold1@earthlink.net,m,Drama,Cloak and Dagger,63.0
Rozalin,Usher,rusherd2@unc.edu,Female,Mystery,Salvage,66.0
Roxy,Gare,rgared3@businessinsider.com,Female,War,Red Cliff (Chi bi),61.0
Jena,Symcox,jsymcoxd4@dion.ne.jp,Female,Crime,Chiko,60.0
Hyacinthie,Arr,harrd5@mit.edu,Female,Mystery,"Avventura, L' (Adventure, The)",73.0
Westleigh,Rowlinson,wrowlinsond6@flickr.com,Female,Drama,True Legend (Su Qi-Er),63.0
Dalila,Barfield,dbarfieldd7@unicef.org,F,Comedy,How to Lose a Guy in 10 Days,61.0
Giralda,Pearcey,gpearceyd8@statcounter.com,Female,Crime,Phantom of the Rue Morgue,79.0
Teresina,Windibank,twindibankd9@nifty.com,Female,Comedy,Bowfinger,
Tiffany,Claypoole,tclaypooleda@com.com,F,Horror,Caught Inside,
Haskel,Lympany,hlympanydb@mediafire.com,Male,Drama,Strangers When We Meet,52.0
Tremain,Moughton,tmoughtondc@thetimes.co.uk,M,Drama,Raiders From Beneath the Sea,62.0
Terri-jo,Ciepluch,tciepluchdd@vkontakte.ru,Female,Children,Air Bud: Golden Receiver,
Shawn,Pendered,spenderedde@deliciousdays.com,Male,Drama,Thick as Thieves,
Amby,Zambon,azambondf@huffingtonpost.com,M,Action,Catch .67.
Edsel,Lidgett,elidgettdg@mail.ru,Male,Action,10 to Midnight,60.0
Rob,Adair,radairdh@indiatimes.com,Male,Comedy,Hello Ladies: The Movie,62.0
Jere,Schollick,jschollickdi@homestead.com,Female,Romance,Boy Meets Girl,72.0
Angelico,Midden,amiddendj@hexun.com,Male,Thriller,"Weight of Water, The",71.0
Charo,Sterley,csterleydk@latimes.com,Female,Drama,If These Walls Could Talk,73.0
Adrian,Nafziger,anafzigerdl@w3.org,Female,Drama,Cookers,64.0
Martynne,Keel,mkeeldm@harvard.edu,Female,Thriller,Kickboxer 3: The Art of War (Kickboxer III: The Art of War),86.0
Gallagher,Walton,gwaltondn@state.gov,Male,Drama,Divided We Fall (Musíme si pomáhat),64.0
Padriac,Spoure,pspouredo@go.com,M,Comedy,Andy Hardy's Double Life,75.0
Roderigo,Heinsen,rheinsendp@hhs.gov,Male,Sci-Fi,Afflicted,67.0
Clementia,Looker,clookerdq@ebay.co.uk,Female,Drama,Trojan Eddie,66.0
Sunshine,Blabber,sblabberdr@gravatar.com,Female,Comedy,Where Were You When the Lights Went Out?,56.0
Paulina,Elstub,pelstubds@bizjournals.com,Female,Thriller,Saw VII 3D - The Final Chapter,49.0
Kennett,Stinchcombe,kstinchcombedt@bloglovin.com,Male,Comedy,"Gang's All Here, The",78.0
Allyson,Jory,ajorydu@scientificamerican.com,Female,Drama,"Brave, The",74.0
Judy,Tomkinson,jtomkinsondv@mysql.com,Female,Action,Electra Glide in Blue,67.0
Christie,Risen,crisendw@upenn.edu,Female,Action,Bad Ass,68.0
Caressa,Daughtry,cdaughtrydx@wp.com,Female,Documentary,Klitschko,69.0
Parry,Ramsbotham,pramsbothamdy@blinklist.com,Male,Drama,Old Joy,70.0
Zonnya,Croucher,zcroucherdz@privacy.gov.au,F,Comedy,Picking Up the Pieces,73.0
Berke,Cummins,bcumminse0@java.com,Male,Comedy,"Monitors, The",65.0
Smith,Wroth,swrothe1@wired.com,Male,Drama,"Day in the Country, A (Partie de campagne)",71.0
Colet,Bricksey,cbrickseye2@bing.com,Male,Drama,Parineeta,67.0
Chrissy,Parsons,cparsonse3@msn.com,Male,Western,"Return of Django (Son of Django) (Figlio di Django, Il)",73.0
Elnar,Whiteford,ewhiteforde4@fotki.com,male,Animation,Dragon Ball Z: The Return of Cooler (Doragon bôru Z 6: Gekitotsu! Hyakuoku pawâ no senshi),56.0
Asia,Whiteley,awhiteleye5@tripod.com,Female,Comedy,Aziz Ansari: Dangerously Delicious,77.0
Angelico,Frankling,afranklinge6@techcrunch.com,Male,Horror,Halloween: The Curse of Michael Myers (Halloween 6: The Curse of Michael Myers),82.0
Birk,Gavey,bgaveye7@redcross.org,Male,Comedy,Hollywood Shuffle,59.0
Chev,Gecke,cgeckee8@boston.com,Male,Drama,Pola X,65.0
Harriette,Dibbe,hdibbee9@usatoday.com,Female,Action,He Who Dares,58.0
Jerrome,Balmadier,jbalmadierea@huffingtonpost.com,Male,Drama,United Red Army (Jitsuroku Rengo Sekigun: Asama sanso e no michi),55.0
Karyn,Mathias,kmathiaseb@e-recht24.de,female,Animation,Zarafa,70.0
Tymon,Bunce,tbunceec@pinterest.com,Male,Western,The Shooting,69.0
Vickie,Bosworth,vbosworthed@wikipedia.org,Female,Drama,Written on the Wind,71.0
Kissiah,Mellows,kmellowsee@ftc.gov,Female,Drama,House of Sand (Casa de Areia),70.0
Rea,Eccleston,recclestonef@cam.ac.uk,Female,Adventure,"Conqueror, The",81.0
Tam,Orton,tortoneg@pen.io,Male,Comedy,Illuminata,
Isidro,Wiggins,iwigginseh@msu.edu,Male,Comedy,Up in Smoke,71.0
Erinn,Goldberg,egoldbergei@macromedia.com,Female,Musical,Score: A Hockey Musical,63.0
Gaston,Burbury,gburburyej@census.gov,Male,Drama,Vatel,67.0
Henka,Gorries,hgorriesek@constantcontact.com,Female,Action,"Grandmaster, The (Yi dai zong shi)",77.0
Pearline,Cazin,pcazinel@webs.com,Female,Thriller,Carlito's Way: Rise to Power (Carlito's Way 2: Rise to Power),72.0
Kele,Brithman,kbrithmanem@google.com.br,Male,Comedy,The Vexxer,
Patrick,Ambrois,pambroisen@cbc.ca,Male,Comedy,"Devil and Max Devlin, The",79.0
Chicky,Stubs,cstubseo@marriott.com,Female,Drama,"Horseman on the Roof, The (Hussard sur le toit, Le)",71.0
Bunnie,Gilford,bgilfordep@google.it,Female,Drama,Cesar Chavez,56.0
Allie,Sutton,asuttoneq@icq.com,Female,Horror,Messiah of Evil,61.0
Liuka,Haestier,lhaestierer@desdev.cn,Female,Adventure,Berserk: The Golden Age Arc - The Egg of the King,82.0
Valeria,Johnigan,vjohniganes@themeforest.net,Female,Comedy,"Saddest Music in the World, The",70.0
Phyllis,Lambshine,plambshineet@utexas.edu,Female,Drama,Day of Wrath (Vredens dag),66.0
Marcel,Vescovini,mvescovinieu@diigo.com,Male,Animation,Lascars,79.0
Florentia,Grigorkin,fgrigorkinev@jigsy.com,Female,Action,"Hidden, The",60.0
Roscoe,McIlhone,rmcilhoneew@shinystat.com,Male,Action,"Mexican, The",56.0
Maurita,Olner,molnerex@miibeian.gov.cn,Female,Comedy,Galaxina,44.0
Brenn,Conkay,bconkayey@answers.com,Female,Action,Strapped,79.0
Siobhan,Simonato,ssimonatoez@vk.com,Female,Comedy,Bikini Summer III - South Beach Heat,62.0
Dominique,Finlry,dfinlryf0@deliciousdays.com,Female,War,"Wounds, The (Rane)",55.0
Serene,Barbour,sbarbourf1@forbes.com,Female,Documentary,Unforgotten: Twenty-Five Years After Willowbrook,64.0
Amii,Lithgow,alithgowf2@ow.ly,female,Comedy,Brain Donors,50.0
Rozamond,Adolf,radolff3@alexa.com,Female,Drama,Days and Nights in the Forest (Aranyer Din Ratri),72.0
Keelia,Brafield,kbrafieldf4@upenn.edu,Female,Drama,Eden,59.0
Gerrard,Harroway,gharrowayf5@nsw.gov.au,Male,Romance,Last Tango in Paris (Ultimo tango a Parigi),82.0
Lyndsey,Skeates,lskeatesf6@nature.com,Female,Drama,Melinda and Melinda,59.0
Shoshanna,Matelaitis,smatelaitisf7@cocolog-nifty.com,Female,Crime,Botched,61.0
Byran,Stanmer,bstanmerf8@php.net,male,Comedy,Happy Gilmore,59.0
Frank,Peddie,fpeddief9@theatlantic.com,Female,War,"Captain Newman, M.D.",73.0
Ellen,Rowney,erowneyfa@studiopress.com,Female,Adventure,Quantum of Solace,
Mel,Bumphrey,mbumphreyfb@state.tx.us,Female,Drama,Brimstone and Treacle,67.0
Kelvin,Finby,kfinbyfc@state.gov,Male,Adventure,The Black Rose,75.0
Mallorie,Gilhool,mgilhoolfd@slideshare.net,Female,Drama,"Boy in the Striped Pajamas, The (Boy in the Striped Pyjamas, The)",73.0
Stephie,Gleed,sgleedfe@redcross.org,Female,Thriller,"Confession, The",72.0
Drucie,Sturror,dsturrorff@istockphoto.com,female,Crime,Hardcore,55.0
Roshelle,Winley,rwinleyfg@seesaa.net,Female,Drama,Butterfly (La lengua de las mariposas),70.0
Hyatt,Greaterex,hgreaterexfh@weather.com,Male,Documentary,Into Great Silence (Die große Stille),
Trent,Sloyan,tsloyanfi@artisteer.com,M,Drama,"Last Hurrah, The",38.0
Bing,Donnell,bdonnellfj@phoca.cz,Male,Horror,The Legend of Bloody Jack,80.0
Natasha,Doeg,ndoegfk@nydailynews.com,Female,Comedy,"What's in a Name (Prénom, Le)",76.0
Feliks,Steade,fsteadefl@over-blog.com,Male,Documentary,"Last Mountain, The",63.0
Agosto,Townrow,atownrowfm@istockphoto.com,Male,Action,Behind Enemy Lines,70.0
Fritz,Simmonds,fsimmondsfn@hao123.com,Male,Romance,"Groomsmen, The",65.0
Myra,Comiskey,mcomiskeyfo@intel.com,Female,Comedy,When Harry Met Sally...,47.0
Milo,Congdon,mcongdonfp@tuttocitta.it,Male,Adventure,Dr. Who and the Daleks,60.0
Gabbie,Covell,gcovellfq@pagesperso-orange.fr,m,Mystery,Do You Like Hitchcock? (Ti piace Hitchcock?),69.0
Reece,Hannon,rhannonfr@cnn.com,Male,War,Murphy's War,66.0
Nicky,Normand,nnormandfs@slideshare.net,Male,Comedy,Spud,71.0
Jaymie,Marrett,jmarrettft@blinklist.com,Male,Sci-Fi,Chandu the Magician,61.0
Cinnamon,Curreen,ccurreenfu@soundcloud.com,Female,Action,From Paris with Love,74.0
Brucie,Yitzovicz,byitzoviczfv@google.com.br,Male,Drama,"Lady Vanishes, The",52.0
Luther,Huggard,lhuggardfw@netvibes.com,Male,Comedy,Tommy Boy,77.0
Candide,Tomasicchio,ctomasicchiofx@homestead.com,Female,Documentary,Victor Sjöström: Ett porträtt,75.0
Lorri,Sparwell,lsparwellfy@amazon.co.jp,Female,Documentary,Man on a Mission: Richard Garriott's Road to the Stars,53.0
Katlin,Blackesland,kblackeslandfz@dagondesign.com,Female,Crime,Cape Fear,62.0
Doyle,Tottle,dtottleg0@reuters.com,M,Romance,Gone to Earth,58.0
Myrtia,Tweddle,mtweddleg1@wikispaces.com,Female,Comedy,"Rugrats Movie, The",73.0
Harlan,McLugaish,hmclugaishg2@uiuc.edu,male,Comedy,Jack Frost,65.0
Mordy,Mundow,mmundowg3@google.ca,M,Thriller,Road to Nowhere,62.0
Janna,Mellodey,jmellodeyg4@unicef.org,Female,Action,"Vikings, The",62.0
Clarine,Mallam,cmallamg5@statcounter.com,Female,Adventure,Pelicanman (Pelikaanimies),78.0
Genny,Noke,gnokeg6@paypal.com,Female,Comedy,"Moon Is Blue, The",80.0
Chad,Shotbolt,cshotboltg7@rakuten.co.jp,M,Western,Hour of the Gun,65.0
Judah,Bishell,jbishellg8@g.co,male,Drama,Dead Within,58.0
Jacenta,Ohrtmann,johrtmanng9@squidoo.com,Female,Drama,Day for Night (La Nuit Américaine),65.0
Eilis,Kidner,ekidnerga@gizmodo.com,Female,Crime,Kinjite: Forbidden Subjects,65.0
Janis,Kinglesyd,jkinglesydgb@goodreads.com,Female,Musical,'Round Midnight,76.0
Wilmette,Grigoire,wgrigoiregc@globo.com,female,(no genres listed),At Land,68.0
Boycie,Flaverty,bflavertygd@nature.com,Male,Drama,Freeway,64.0
Janeczka,Bodechon,jbodechonge@microsoft.com,Female,Drama,Hearty Paws,61.0
Malina,Gerlts,mgerltsgf@jigsy.com,Female,Musical,"Well Spent Life, A",
Ashlin,Capon,acapongg@amazon.com,Male,Horror,"Last Winter, The",63.0
Norrie,Baldazzi,nbaldazzigh@arstechnica.com,Male,Comedy,Cousinhood (Primos),63.0
Mathew,Petch,mpetchgi@accuweather.com,Male,Action,Vendetta,76.0
Talbot,Breacher,tbreachergj@sciencedirect.com,Male,Crime,The Burglar,64.0
Weidar,Lammie,wlammiegk@goo.gl,male,Drama,Tales of Manhattan,74.0
Ceil,Attwater,cattwatergl@last.fm,Female,Romance,That Certain Woman,62.0
Haily,De Normanville,hdenormanvillegm@wunderground.com,F,Drama,Captive (Cautiva) ,81.0
Aron,Joire,ajoiregn@cpanel.net,M,Drama,Babette's Feast (Babettes gæstebud),63.0
Olivero,Corsor,ocorsorgo@shinystat.com,Male,Comedy,Are You Here,62.0
Hildy,Orthmann,horthmanngp@google.ca,Female,Drama,Lord of Tears,57.0
Sophie,Faustin,sfaustingq@techcrunch.com,Female,Action,Broken Trail,68.0
Jenifer,Richold,jricholdgr@vistaprint.com,Female,Documentary,News from a Personal War (Notícias de uma Guerra Particular),72.0
Priscella,Spatig,pspatiggs@w3.org,Female,Comedy,My Future Boyfriend,64.0
Tedmund,Wiles,twilesgt@wp.com,male,Comedy,Me Myself I,69.0
Shellie,Pittoli,spittoligu@deliciousdays.com,Female,Thriller,Evil Remains (Trespassing),78.0
Dud,McMichell,dmcmichellgv@pinterest.com,Male,Drama,Gardens of the Night,81.0
Shirl,Fergie,sfergiegw@issuu.com,Female,Comedy,Grumpy Old Men,66.0
Adair,Teasey,ateaseygx@shareasale.com,Male,Drama,Last Days,83.0
Jessa,Curtiss,jcurtissgy@kickstarter.com,Female,Drama,City of Men (Cidade dos Homens),64.0
Giff,Lowdham,glowdhamgz@mail.ru,Male,Comedy,Just Visiting,57.0
Hali,Dominicacci,hdominicaccih0@google.com.br,Female,Musical,Center Stage,69.0
Aleda,Perillio,aperillioh1@google.nl,Female,Horror,Night Flier,
Dacia,Cowley,dcowleyh2@wikispaces.com,Female,Drama,"Disappearance of Eleanor Rigby: Them, The",62.0
Baxter,Piesing,bpiesingh3@friendfeed.com,Male,Thriller,"Kiss Before Dying, A",74.0
Carly,Dorricott,cdorricotth4@whitehouse.gov,Male,Comedy,Friendship!,62.0
Julianne,Egdal,jegdalh5@examiner.com,Female,Drama,Intimate Strangers (Confidences trop intimes),66.0
Gibb,Weadick,gweadickh6@sina.com.cn,Male,Drama,My Way Home (Így jöttem) ,68.0
Mildrid,Darling,mdarlingh7@over-blog.com,Female,Documentary,Brutal Beauty: Tales of the Rose City Rollers,64.0
Clem,Jollands,cjollandsh8@edublogs.org,Male,Drama,"King, The",62.0
Ninon,Trumble,ntrumbleh9@g.co,Female,Action,Two Rabbits (2 Coelhos),53.0
Dulcea,Gullen,dgullenha@miitbeian.gov.cn,Female,Drama,"Pearl, The (La perla)",63.0
Price,Nolda,pnoldahb@indiatimes.com,Male,Drama,"Silence, The (Tystnaden)",51.0
Winnie,Como,wcomohc@goo.gl,Male,Crime,Gomorrah (Gomorra),65.0
Erroll,Piotrowski,epiotrowskihd@twitter.com,Male,Comedy,Ricky Gervais: Out of England - The Stand-Up Special,50.0
Nada,Thorndycraft,nthorndycrafthe@reuters.com,Female,Drama,Happy Together,59.0
Trista,Stepney,tstepneyhf@shutterfly.com,Female,Drama,Suez,73.0
Hermon,Antyukhin,hantyukhinhg@foxnews.com,Male,Drama,Room at the Top,71.0
Clarie,Yearron,cyearronhh@walmart.com,Female,Drama,"Moment of Innocence, A (Nun va Goldoon)",81.0
Kandy,Brayne,kbraynehi@meetup.com,female,Comedy,Patch Adams,
Isobel,Jaslem,ijaslemhj@earthlink.net,Female,Drama,Dinner at Eight,67.0
Gregorius,Seed,gseedhk@cmu.edu,Male,Adventure,"No Retreat, No Surrender 2: Raging Thunder",60.0
Myrwyn,Fullager,mfullagerhl@marriott.com,M,Horror,Puppet Master III: Toulon's Revenge,73.0
Conan,MacGahey,cmacgaheyhm@google.com.hk,Male,Crime,No Country for Old Men,74.0
Perren,McIlwain,pmcilwainhn@un.org,Male,Documentary,Crazy Sexy Cancer,
Delmore,Westney,dwestneyho@dropbox.com,M,Thriller,The Whisperer in Darkness,60.0
Florian,Belch,fbelchhp@dailymail.co.uk,Male,Horror,Contagion / Bio Slime,58.0
Halli,Degoey,hdegoeyhq@buzzfeed.com,Female,Comedy,Group Sex,62.0
Devlen,Gippes,dgippeshr@twitpic.com,Male,Drama,Bachelor Apartment,70.0
Patrizia,Fredy,pfredyhs@senate.gov,Female,Crime,Tony Manero,75.0
Kipper,Dall,kdallht@cmu.edu,Male,Action,Only the Strong,70.0
Hedy,McClifferty,hmccliffertyhu@kickstarter.com,F,Documentary,"Russell Peters: Red, White and Brown",64.0
Emili,Impey,eimpeyhv@usgs.gov,Female,Romance,Open Hearts (Elsker dig for evigt),63.0
Pia,Abernethy,pabernethyhw@slashdot.org,female,Animation,A Flintstones Christmas Carol,66.0
Patton,Mettericke,pmetterickehx@desdev.cn,Male,Drama,"Unfinished Life, An",56.0
Annadiane,O'Sheilds,aosheildshy@salon.com,Female,Drama,Thirteen Women,75.0
Thorn,Gambrell,tgambrellhz@unesco.org,Male,Comedy,Lupin the 3rd,54.0
Waring,Cape,wcapei0@a8.net,Male,Comedy,Kicking & Screaming,64.0
Tirrell,Sparks,tsparksi1@bbc.co.uk,Male,Comedy,Hiroshima,79.0
Rees,MacCard,rmaccardi2@biblegateway.com,Male,Documentary,Going Clear: Scientology and the Prison of Belief,63.0
Elyssa,Furness,efurnessi3@usa.gov,Female,Action,Face of Terror,71.0
Mahmoud,Sprull,msprulli4@rambler.ru,Male,Comedy,Big Stan,55.0
Friederike,Cosgry,fcosgryi5@imageshack.us,Female,Fantasy,"Wild, The",66.0
Aviva,Hilary,ahilaryi6@ovh.net,Female,Action,Kangaroo Jack,70.0
Heywood,Grigoryev,hgrigoryevi7@cbslocal.com,Male,Documentary,De la servitude moderne,48.0
Onfroi,Haslum,ohaslumi8@smugmug.com,Male,Documentary,"Institute, The",
Ruperta,Melville,rmelvillei9@constantcontact.com,Female,Drama,"Visit, The",66.0
Corny,Adelberg,cadelbergia@si.edu,Female,Horror,"Prowler, The (a.k.a. Rosemary's Killer) (a.k.a. The Graduation)",72.0
Malvin,Alpine,malpineib@biblegateway.com,Male,Drama,"Artist, The (El Artista)",71.0
Rebekkah,Kuller,rkulleric@google.co.jp,F,Drama,Sweet Karma,81.0
Ilise,Devers,ideversid@ca.gov,female,Action,Kidnapping Mr. Heineken,59.0
Hedy,Billie,hbillieie@biglobe.ne.jp,Female,Comedy,Alpha and Omega 2: A Howl-iday Adventure (Alpha & Omega 2),
Avram,Stoeck,astoeckif@mysql.com,Female,Adventure,Nothing But Trouble,58.0
Lexis,Theuss,ltheussig@hp.com,Female,Documentary,Our Vinyl Weighs a Ton: This Is Stones Throw Records,64.0
Tann,Daoust,tdaoustih@opensource.org,M,Drama,"One-Armed Swordsman, The (Dubei dao)",54.0
Sindee,Jennens,sjennensii@arstechnica.com,Female,Comedy,Morgan Stewart's Coming Home,78.0
Gisele,Gowler,ggowlerij@skype.com,Female,Drama,Jail Bait,69.0
Jillian,Deschlein,jdeschleinik@bloomberg.com,Female,Romance,"Pillars of the Earth, The",58.0
Cletus,Landis,clandisil@forbes.com,Male,Drama,Dahmer,66.0
Ker,Gerardin,kgerardinim@symantec.com,Male,Documentary,Eminem AKA ,60.0
Judah,Whyard,jwhyardin@gov.uk,Male,Horror,Dark House,64.0
Arch,Lucock,alucockio@squidoo.com,Male,Horror,I Spit on Your Grave 2 ,66.0
Lanny,Breinl,lbreinlip@java.com,Female,Sci-Fi,Don't Blink,55.0
Kermy,Stoke,kstokeiq@skyrock.com,Male,Documentary,Creature,66.0
Lindsay,Alekhov,lalekhovir@time.com,Female,Children,Lilla Jönssonligan och Cornflakeskuppen,74.0
Kally,Sudell,ksudellis@hibu.com,Female,Drama,Rocket Science,54.0
Arly,Woodworth,awoodworthit@hhs.gov,Female,Drama,Lord of the Flies,57.0
Gabi,Brolechan,gbrolechaniu@addtoany.com,Female,Drama,"Woman Rebels, A (Portrait of a Rebel)",66.0
Sawyere,Ayling,saylingiv@ucla.edu,Male,Drama,Family Viewing,76.0
Lind,Southerns,lsouthernsiw@posterous.com,Male,Comedy,"Kid from Brooklyn, The",57.0
Cherilynn,O'Scannill,coscannillix@networksolutions.com,Female,Drama,"Heart of Me, The",67.0
Englebert,Karchowski,ekarchowskiiy@wikispaces.com,Male,Comedy,"President's Last Bang, The (Geuddae geusaramdeul)",66.0
Delaney,Chasney,dchasneyiz@wix.com,Male,Horror,Angel Heart,72.0
Yoshi,Daouze,ydaouzej0@photobucket.com,female,Romance,Love Don't Cost a Thing,80.0
Doralin,Jemmett,djemmettj1@nps.gov,Female,Drama,Dog Run,
Patty,Tierny,ptiernyj2@netvibes.com,Female,Drama,Face/Off,67.0
Hettie,Rougier,hrougierj3@cargocollective.com,Female,Sci-Fi,The Humanoid,67.0
Rikki,Fawssett,rfawssettj4@fotki.com,Male,Action,"Crowd Roars, The",59.0
Leicester,Betteney,lbetteneyj5@youku.com,Male,Mystery,Happy Birthday to Me,
Don,Bodill,dbodillj6@princeton.edu,Male,Mystery,Once Upon a Honeymoon,67.0
Newton,Keepence,nkeepencej7@nydailynews.com,Male,Drama,Han Gong-ju,67.0
Cathrine,Huggin,chugginj8@sciencedirect.com,Female,Drama,Zaza,61.0
Hazel,Gude,hgudej9@blogs.com,Female,Drama,Tempest,72.0
Steffie,Whithorn,swhithornja@e-recht24.de,Female,Comedy,Dennis the Menace,62.0
Flora,Glencrosche,fglencroschejb@vkontakte.ru,Female,Thriller,Arbitrage,62.0
Marlyn,O'Hare,moharejc@mac.com,Female,Drama,61*,59.0
Myrwyn,Bilbrey,mbilbreyjd@xinhuanet.com,Male,Comedy,B*A*P*S,
Zoe,Edgcumbe,zedgcumbeje@oaic.gov.au,Female,Documentary,Fame High,68.0
Vivien,Dungay,vdungayjf@rambler.ru,F,Drama,Two Can Play That Game,56.0
Vasily,Ordidge,vordidgejg@flickr.com,Male,Thriller,Viy,71.0
Obidiah,Raeside,oraesidejh@bbb.org,Male,Thriller,"Mortician, The",72.0
Penni,Fairfoot,pfairfootji@xrea.com,Female,Documentary,Sign 'o' the Times,76.0
Ashlee,Gonzalez,agonzalezjj@oracle.com,Female,Comedy,"Story of a Cheat, The (Roman d'un tricheur, Le)",
Banky,McQuillan,bmcquillanjk@biblegateway.com,Male,Drama,Levity,52.0
Demott,Marsie,dmarsiejl@nydailynews.com,Male,Drama,"Bench, The (Bænken)",60.0
Sarette,Harnor,sharnorjm@acquirethisname.com,female,Comedy,Fubar,70.0
Jodee,MacCartair,jmaccartairjn@is.gd,Female,Horror,Martin,59.0
Ingra,Orgill,iorgilljo@nbcnews.com,Male,Drama,"Room for Romeo Brass, A",64.0
Rosetta,Fryett,rfryettjp@blogtalkradio.com,Female,Drama,"Souper, Le (Supper, The)",60.0
Margaretta,Malletratt,mmalletrattjq@springer.com,Female,Comedy,"Garage, The",72.0
Ivette,Imort,iimortjr@sitemeter.com,Female,(no genres listed),Away with Words (San tiao ren),70.0
Herve,Lawford,hlawfordjs@rambler.ru,Male,Comedy,Suing the Devil,71.0
Ancell,Laird,alairdjt@facebook.com,Male,Adventure,Dragonball Evolution,54.0
Amalea,Lunny,alunnyju@addtoany.com,F,Mystery,Island,60.0
Abigael,Skeat,askeatjv@wikia.com,Female,Horror,Hangman's Curse,57.0
Brinn,Sodor,bsodorjw@google.pl,Female,Drama,Bucktown,73.0
Adolpho,Hemstead,ahemsteadjx@jalbum.net,M,Documentary,Decoding the Past: Secrets of the Koran,70.0
Phineas,Ashbey,pashbeyjy@state.tx.us,Male,Comedy,Whistling in the Dark,58.0
Pierrette,Saunderson,psaundersonjz@comsenz.com,Female,Drama,"Open Road, The",61.0
Patty,Jime,pjimek0@live.com,M,Romance,These Three,64.0
Joshua,Claridge,jclaridgek1@mashable.com,M,War,Saving Private Ryan,63.0
Kate,Heathcoat,kheathcoatk2@thetimes.co.uk,Female,Drama,"Lucky One, The",
Ardenia,Nulty,anultyk3@com.com,Female,Drama,Pudana Last of the Line (Sukunsa viimeinen),71.0
Ignatius,Chung,ichungk4@businessinsider.com,Male,Drama,Empire,73.0
Joni,Berthome,jberthomek5@nsw.gov.au,Female,Comedy,Wholly Moses,64.0
Alexis,Junkin,ajunkink6@jimdo.com,Female,Comedy,"Circus, The",62.0
Corey,Stollhofer,cstollhoferk7@walmart.com,M,Drama,American Beauty,59.0
Wolfy,Zebedee,wzebedeek8@independent.co.uk,Male,Comedy,Mulan II,62.0
Flor,Ramsey,framseyk9@comcast.net,Female,Drama,Another Day in Paradise,42.0
Enrica,Ivanishev,eivanishevka@utexas.edu,Female,Comedy,The Vixen,60.0
Sheppard,Piner,spinerkb@eventbrite.com,male,Adventure,Diamond Dogs,82.0
Ollie,Duncan,oduncankc@intel.com,Female,Drama,This Woman Is Dangerous,60.0
Deerdre,Shadfourth,dshadfourthkd@harvard.edu,Female,Horror,Fido,62.0
Marje,Warner,mwarnerke@blogtalkradio.com,Female,Drama,"Phantom of Liberty, The (Fantôme de la liberté, Le)",70.0
Sam,Hookes,shookeskf@ibm.com,Female,Documentary,"Deeper Shade of Blue, A",
Megen,Chick,mchickkg@yandex.ru,Female,Drama,White Nights,67.0
Karen,Borrill,kborrillkh@sbwire.com,Female,Horror,Carnosaur,80.0
Annadiane,Sharer,asharerki@spotify.com,F,Action,Cotton Comes to Harlem,62.0
Melosa,Treversh,mtrevershkj@123-reg.co.uk,Female,Drama,Dangerous Minds,65.0
Demetre,Oakshott,doakshottkk@friendfeed.com,Male,Romance,Christmas in Conway,70.0
Rustin,Breheny,rbrehenykl@ezinearticles.com,Female,Crime,Guilty of Romance (Koi no tsumi) ,65.0
Nariko,O'Dowd,nodowdkm@ebay.com,Female,Romance,Love Don't Cost a Thing,
Ambros,Satford,asatfordkn@omniture.com,Male,Comedy,I'm Gonna Git You Sucka,66.0
Donalt,Kellaway,dkellawayko@rambler.ru,Male,Comedy,Living Out Loud,63.0
Anna-maria,Sibthorpe,asibthorpekp@rediff.com,Female,Thriller,YellowBrickRoad,65.0
Glenn,Toop,gtoopkq@icio.us,Female,Thriller,"Pet, The",69.0
Jackelyn,Traice,jtraicekr@earthlink.net,Female,Children,Mickey's The Prince and the Pauper,72.0
Alfie,Lanahan,alanahanks@va.gov,Male,Action,Dick Tracy vs. Cueball,62.0
Helen-elizabeth,Chaize,hchaizekt@slate.com,Female,Comedy,High Society,68.0
Gawen,Tayler,gtaylerku@craigslist.org,Male,War,Westfront ,
Tessi,Canedo,tcanedokv@wisc.edu,Female,Drama,Rockaway,63.0
Sterne,Stanbridge,sstanbridgekw@rambler.ru,Male,Comedy,The Dot and the Line : A Romance in Lower Mathematics,76.0
Xaviera,Geratt,xgerattkx@unc.edu,Female,Comedy,Deck the Halls,74.0
Cesar,Pernell,cpernellky@t-online.de,Male,Sci-Fi,Atragon (Kaitei Gunkan),61.0
Simonette,Ahrenius,sahreniuskz@opera.com,F,Drama,"Edward, My Son",73.0
Curry,Kleinschmidt,ckleinschmidtl0@ca.gov,M,Romance,Valentine's Day,51.0
Dominique,Cammis,dcammisl1@upenn.edu,Male,Comedy,"Grand Seduction, The",58.0
Reg,Chetwynd,rchetwyndl2@hubpages.com,male,Comedy,Senseless,65.0
Der,Broxap,dbroxapl3@instagram.com,Male,Horror,August Mordum's Underground,74.0
Bernetta,Narracott,bnarracottl4@cbc.ca,Female,Drama,Mon oncle d'Amérique,59.0
Bernadette,Brenstuhl,bbrenstuhll5@eepurl.com,Female,Crime,"Escort, The (Scorta, La)",74.0
Kimble,Blewitt,kblewittl6@sciencedirect.com,Male,Sci-Fi,Double Dragon,66.0
Zebulon,Aleksahkin,zaleksahkinl7@webeden.co.uk,Male,Romance,Off Beat,
Marianna,Killcross,mkillcrossl8@istockphoto.com,Female,Action,Ocean's Twelve,69.0
Ruttger,Tuther,rtutherl9@dedecms.com,Male,Children,The Christmas Wish,56.0
Caren,Challiner,cchallinerla@senate.gov,Female,Comedy,Joe Versus the Volcano,87.0
Sherwood,Ebdin,sebdinlb@ihg.com,Male,Comedy,Blue Like Jazz,67.0
Brendan,St Clair,bstclairlc@e-recht24.de,male,Drama,"Wild Life, The",80.0
Orlan,Keirl,okeirlld@clickbank.net,Male,Documentary,Lost in La Mancha,60.0
Barny,Farlane,bfarlanele@ycombinator.com,Male,Documentary,High on Crack Street: Lost Lives in Lowell,65.0
Cami,Giggs,cgiggslf@tiny.cc,female,Drama,Get Educated: Paathshaala,66.0
Bobby,Careswell,bcareswelllg@psu.edu,M,Comedy,Chicks with Sticks,81.0
Cicely,Ashpital,cashpitallh@chronoengine.com,Female,Documentary,Can Mr. Smith Get to Washington Anymore?,78.0
Bone,Haygreen,bhaygreenli@princeton.edu,Male,Comedy,"Twice Upon a Yesterday (a.k.a. Man with Rain in His Shoes, The)",73.0
Yardley,Bloodworthe,ybloodworthelj@hhs.gov,Male,Drama,Al Capone,70.0
Harrietta,McKennan,hmckennanlk@smugmug.com,Female,Sci-Fi,Baby... Secret of the Lost Legend,73.0
Tedmund,Eannetta,teannettall@blinklist.com,m,War,"Big Lift, The",65.0
Seamus,Lafee,slafeelm@cnn.com,Male,Comedy,Friend Zone (Pagafantas),70.0
Magnum,Suatt,msuattln@columbia.edu,Male,Thriller,"Reaping, The",80.0
Sergei,O'Crevy,socrevylo@narod.ru,Male,Romance,No Reservations,61.0
Odell,Searjeant,osearjeantlp@qq.com,male,Comedy,"Cooler, The",65.0
Tania,Guerreru,tguerrerulq@amazon.com,Female,Thriller,Donkey Punch,66.0
Chic,Halewood,chalewoodlr@vk.com,Male,Romance,"Kid in King Arthur's Court, A",73.0
Allin,Louder,alouderls@wunderground.com,Male,Comedy,Consuming Spirits,57.0
Darcy,Hearle,dhearlelt@freewebs.com,male,Drama,"Afternoon of a Torturer, The (Dupa-amiaza unui tortionar)",63.0
Miguela,Ruckert,mruckertlu@hubpages.com,F,Drama,"Sixth Sense, The",70.0
Roanna,Sekulla,rsekullalv@fastcompany.com,Female,Drama,Straight Time,70.0
Rollie,Barff,rbarfflw@blogger.com,Male,Action,Los Bandoleros,61.0
Maddi,Bartalucci,mbartaluccilx@spiegel.de,Female,Horror,It! The Terror from Beyond Space,57.0
Ann,Guerriero,aguerrieroly@edublogs.org,Female,Comedy,"Sweetest Thing, The",77.0
Kristopher,Lenden,klendenlz@alibaba.com,m,Horror,Uncle Sam,59.0
Abbot,Matushenko,amatushenkom0@g.co,Male,Thriller,In Fear,62.0
Dugald,Struttman,dstruttmanm1@yellowbook.com,Male,Mystery,Charlie Chan at the Opera,62.0
Johnathon,Sawley,jsawleym2@ftc.gov,Male,Comedy,Dracula: Dead and Loving It,48.0
Ingamar,Ahrenius,iahreniusm3@washingtonpost.com,Male,Drama,Iron Jawed Angels,64.0
Garik,Pratt,gprattm4@netlog.com,Male,War,Hell's Angels,55.0
Ulick,Stuchbury,ustuchburym5@yellowbook.com,Male,Drama,Closer to the Moon,69.0
Buiron,Wainscoat,bwainscoatm6@photobucket.com,male,Comedy,Ricky Gervais Live 3: Fame,59.0
Benjamin,Norwood,bnorwoodm7@cbslocal.com,M,Drama,Tough Guys Don't Dance,77.0
Jenilee,Lindfors,jlindforsm8@surveymonkey.com,Female,Drama,The Burglar,71.0
Clarisse,Brewitt,cbrewittm9@businessinsider.com,Female,Drama,Space Odyssey: Voyage to the Planets,61.0
Trescha,Perassi,tperassima@360.cn,female,Thriller,Red State,60.0
Adair,McCory,amccorymb@deviantart.com,Male,Mystery,Fletch,68.0
Valaree,Defew,vdefewmc@tripod.com,Female,Western,"Return of a Man Called Horse, The",55.0
Norman,Orringe,norringemd@narod.ru,Male,Thriller,"Little Trip to Heaven, A",56.0
Ashley,Biggadyke,abiggadykeme@phpbb.com,Male,Comedy,"Reformer and the Redhead, The",70.0
Karena,Allmark,kallmarkmf@liveinternet.ru,Female,Drama,Joe's Palace,68.0
Eugen,Grundwater,egrundwatermg@latimes.com,Male,Drama,Among Wolves (Entrelobos),61.0
Sabine,Orman,sormanmh@who.int,Female,Drama,"First Man, The (Le Premier Homme)",69.0
Lydie,Maharg,lmahargmi@nature.com,Female,Western,"Far Country, The",
Arabella,Greenhalgh,agreenhalghmj@taobao.com,f,Sci-Fi,"Magnetic Monster, The",78.0
Demetri,Mainstone,dmainstonemk@wsj.com,Male,War,Guadalcanal Diary,76.0
Vinita,Tonkinson,vtonkinsonml@telegraph.co.uk,Female,Romance,"Long, Long Trailer, The",65.0
North,Rediers,nrediersmm@theguardian.com,Male,Musical,Star!,78.0
Mac,O' Hern,mohernmn@psu.edu,Male,Romance,American Idiots,
Hubie,Rediers,hrediersmo@auda.org.au,Male,Drama,Mouchette,
Vevay,Harby,vharbymp@statcounter.com,Female,Drama,Family Law (Derecho de familia),55.0
Patricia,Colnett,pcolnettmq@skype.com,Female,Thriller,Easy Money (Snabba Cash),61.0
Kaela,Patrie,kpatriemr@myspace.com,Female,War,Back to Bataan,55.0
Mathias,Ducket,mducketms@cbc.ca,Male,Comedy,Mr. Toad's Wild Ride (a.k.a. The Wind in the Willows),
Alysia,Slaney,aslaneymt@yelp.com,Female,Thriller,Twilight,76.0
Jules,Mourant,jmourantmu@cyberchimps.com,Male,Comedy,"Babymakers, The",73.0
Bryn,Edwins,bedwinsmv@rakuten.co.jp,Female,Drama,Lambada,66.0
Delly,Rainger,draingermw@census.gov,female,Comedy,Delta Farce,71.0
Berthe,Bridgens,bbridgensmx@archive.org,Female,Romance,"Rachel, Rachel",69.0
Kathy,Tomanek,ktomanekmy@tiny.cc,Female,Horror,"Day of the Triffids, The",62.0
Fran,Ashcroft,fashcroftmz@uiuc.edu,Male,Drama,Providence,65.0
Ellis,Esch,eeschn0@usda.gov,M,Action,Death Wish,55.0
Farlay,Goskar,fgoskarn1@seesaa.net,Male,Crime,Ill Manors,
Cordy,Grevile,cgrevilen2@cdbaby.com,Male,Crime,"Informer, The",68.0
Yasmeen,Hrynczyk,yhrynczykn3@google.ru,Female,Comedy,There Goes My Heart,56.0
Sharona,Tytler,stytlern4@omniture.com,Female,Drama,Marked for Death,48.0
Christoper,Furmage,cfurmagen5@ihg.com,Male,Documentary,"I Am My Films - A Portrait of Werner Herzog (Was ich bin, sind meine Filme)",74.0
Sergio,Tal,staln6@sphinn.com,M,Crime,Fallen Angel,54.0
Blithe,Torel,btoreln7@posterous.com,F,Animation,Dragon Ball: Mystical Adventure (Doragon bôru: Makafushigi dai bôken),73.0
Katharine,Howgate,khowgaten8@google.ca,Female,Adventure,Fathom,57.0
Alexis,Ellwood,aellwoodn9@flickr.com,Female,Crime,G Men,69.0
Gael,Manifield,gmanifieldna@tmall.com,Female,Documentary,Killing Us Softly 72.
Garey,Eynon,geynonnb@toplist.cz,M,Thriller,The Wait,59.0
Perry,Whooley,pwhooleync@amazon.de,Male,Fantasy,1612: Khroniki smutnogo vremeni,52.0
Nancey,Aldersea,nalderseand@theatlantic.com,Female,Comedy,Vollidiot,62.0
Millie,Somerscales,msomerscalesne@photobucket.com,Female,Drama,World Traveler,58.0
Annadiana,Cherm,achermnf@newsvine.com,Female,Children,"Little Princess, A",63.0
Toby,McElrath,tmcelrathng@360.cn,Male,Comedy,Born Romantic,74.0
Brendan,Over,bovernh@ted.com,Male,Children,Casper,56.0
Ambur,Shafe,ashafeni@samsung.com,Female,Drama,"Special Day, A (Giornata particolare, Una)",67.0
Khalil,Riggott,kriggottnj@harvard.edu,Male,Thriller,On the Run,72.0
Gisela,Pinch,gpinchnk@answers.com,Female,Romance,The Count of Monte Cristo,65.0
Kevin,Ramelot,kramelotnl@a8.net,Male,Action,Alexander,48.0
Ashton,Locarno,alocarnonm@youtube.com,Male,Action,Action in the North Atlantic,73.0
Colan,O'Bruen,cobruennn@meetup.com,Male,Documentary,Diaries Notes and Sketches (Walden),74.0
Odell,Gerretsen,ogerretsenno@prnewswire.com,Male,Drama,Igby Goes Down,52.0
Lindy,Ithell,lithellnp@nbcnews.com,Male,Comedy,"Right Kind of Wrong, The",67.0
Eric,Mullins,emullinsnq@jigsy.com,Male,Drama,Mutiny on the Bounty,63.0
Arvie,Blasius,ablasiusnr@jugem.jp,m,Animation,Panda! Go Panda! (Panda kopanda),69.0
Willdon,Thickins,wthickinsns@disqus.com,Male,Comedy,St. Trinian's,62.0
Jefferey,Haker,jhakernt@unblog.fr,Male,Horror,"Satanic Rites of Dracula, The",64.0
Jermayne,Bedbrough,jbedbroughnu@naver.com,Female,Western,The Shooting,69.0
Linoel,Boays,lboaysnv@cornell.edu,M,Sci-Fi,Tremors 3: Back to Perfection,73.0
Salomon,Gleave,sgleavenw@slate.com,Male,Documentary,The Invisible Frame,64.0
Elora,Bish,ebishnx@time.com,female,Western,"Return of Django (Son of Django) (Figlio di Django, Il)",66.0
Tracey,Warboys,twarboysny@weather.com,Female,Documentary,For the Bible Tells Me So,62.0
Milty,Sinnie,msinnienz@dropbox.com,Male,Documentary,Eminem AKA ,76.0
Jesselyn,McGorley,jmcgorleyo0@cnbc.com,Female,Romance,Top Gun,69.0
Ricca,Rawlence,rrawlenceo1@tumblr.com,Female,Horror,Stake Land,78.0
Charlotte,Poleykett,cpoleyketto2@nytimes.com,Female,Thriller,Black Dog,48.0
Jenda,Creaney,jcreaneyo3@omniture.com,Female,Documentary,"Armstrong Lie, The",58.0
Emilie,MacRory,emacroryo4@google.cn,Female,Documentary,Let's Get Lost,60.0
Pernell,Fernley,pfernleyo5@ihg.com,Male,Musical,Bran Nue Dae,59.0
Martino,Mainstone,mmainstoneo6@github.io,Male,Comedy,Louis C.K.: Live at the Beacon Theater,62.0
Aeriel,Grane,agraneo7@netlog.com,Female,Comedy,Dead Snow 2: Red vs. Dead ,59.0
Clementia,Bottle,cbottleo8@epa.gov,Female,Crime,"Reckoning, The",76.0
Koral,Yelden,kyeldeno9@kickstarter.com,female,Crime,Jamesy Boy,49.0
Sephira,Whinney,swhinneyoa@usgs.gov,F,Comedy,Multiplicity,59.0
Goldy,Klaiser,gklaiserob@wired.com,Female,Thriller,"Perfect Murder, A",91.0
Avivah,Rubenov,arubenovoc@alibaba.com,Female,Drama,Yossi (Ha-Sippur Shel Yossi),59.0
Marcellina,Jannings,mjanningsod@craigslist.org,Female,Drama,Picnic at Hanging Rock,
Chase,Spears,cspearsoe@theguardian.com,Male,Drama,"Invitation, The (Zaproszenie)",55.0
Raimondo,Bernardoni,rbernardoniof@washingtonpost.com,Male,War,"Desert Rats, The",74.0
Paulita,Jorioz,pjoriozog@comsenz.com,Female,Crime,Sisters (Syostry),
Kevin,Fritzer,kfritzeroh@imageshack.us,Male,Fantasy,"Price of Milk, The",71.0
Christoforo,Sorrill,csorrilloi@yolasite.com,Male,Comedy,Buddy,63.0
Mace,Geffcock,mgeffcockoj@mozilla.com,m,Thriller,Pronto,78.0
Rozina,Flute,rfluteok@ocn.ne.jp,female,Comedy,Two Crimes (Dos crímenes),61.0
Cory,Hairs,chairsol@simplemachines.org,Male,Drama,Edge of Darkness,56.0
Karry,Ouchterlony,kouchterlonyom@google.com.hk,Female,Drama,Butterfield 45.
Cosmo,Sirl,csirlon@newyorker.com,Male,Action,Godzilla vs. King Ghidorah (Gojira vs. Kingu Gidorâ),67.0
Vasily,Eriksson,verikssonoo@utexas.edu,Male,Drama,"Story of Louis Pasteur, The",70.0
Wendi,Robison,wrobisonop@elegantthemes.com,Female,Action,"Peacekeeper, The",62.0
Sande,Hum,shumoq@ameblo.jp,Female,Thriller,Loft,68.0
Godfree,Geffe,ggeffeor@huffingtonpost.com,male,Romance,"Three Musketeers, The",72.0
Merissa,Medcalfe,mmedcalfeos@unesco.org,Female,Drama,Undisputed,68.0
Maryanne,O'Caherny,mocahernyot@ihg.com,Female,Drama,Nell,65.0
Twila,Chezelle,tchezelleou@java.com,Female,(no genres listed),As We Were Dreaming,58.0
Yulma,Hesey,yheseyov@free.fr,Male,Fantasy,Simone (S1m0ne),82.0
Cliff,Sturdey,csturdeyow@bandcamp.com,Male,Adventure,Squanto: A Warrior's Tale,66.0
Sacha,Legate,slegateox@ameblo.jp,F,Drama,Washington Square,71.0
Sibyl,Coweuppe,scoweuppeoy@epa.gov,female,Mystery,Mark of the Vampire,64.0
Codee,Doche,cdocheoz@example.com,Female,Drama,Saint John of Las Vegas,64.0
Toinette,O'Fergus,tofergusp0@redcross.org,Female,Romance,Between the Sheets (Entre Lençóis),71.0
Paddie,Spours,pspoursp1@independent.co.uk,Male,Comedy,Bus Stop,68.0
Rowen,McGow,rmcgowp2@howstuffworks.com,male,Drama,"Bag Man, The",
Lissi,Zorro,lzorrop3@w3.org,female,Drama,Watchmen,83.0
Iormina,Goodfield,igoodfieldp4@buzzfeed.com,Female,Drama,Blue Sky,62.0
Arte,Manz,amanzp5@etsy.com,Male,Comedy,"Parade, The (Parada)",67.0
Englebert,Stuttman,estuttmanp6@shutterfly.com,Male,Drama,Anatomy of Hell (Anatomie de l'enfer),70.0
Sherilyn,Fosten,sfostenp7@printfriendly.com,Female,Children,Gumby: The Movie,69.0
Rubia,Antill,rantillp8@earthlink.net,Female,Musical,Thin Ice,58.0
Quintina,Hugland,qhuglandp9@quantcast.com,Female,Drama,Southbounders,63.0
Mattie,Hyslop,mhysloppa@youtu.be,Male,Comedy,"Hole in the Soul, A (Rupa u dusi)",56.0
Hewie,Van Ross,hvanrosspb@ucoz.com,Male,Drama,"Prowler, The",63.0
Kimmie,Baggalley,kbaggalleypc@blinklist.com,Female,Drama,"Prize Winner of Defiance Ohio, The",76.0
Mortimer,Lodder,mlodderpd@facebook.com,Male,Romance,Love Potion #73.
Vilma,Biasotti,vbiasottipe@businessweek.com,Female,Drama,Summer in Berlin (Sommer vorm Balkon),57.0
Jarred,Hillin,jhillinpf@alexa.com,Female,Thriller,"Crimson Rivers, The (Rivières pourpres, Les)",67.0
Celina,Cattrell,ccattrellpg@cargocollective.com,Female,Drama,Frisk,80.0
Josy,Hambridge,jhambridgeph@cpanel.net,Female,Drama,"Good Morning, Babylon",67.0
Alvina,Basson,abassonpi@hubpages.com,Female,Romance,Here Comes the Groom,68.0
Lida,Dover,ldoverpj@newsvine.com,Female,Drama,Talent for the Game,
Olivier,Kimblen,okimblenpk@ovh.net,Male,Drama,Flavor of Green Tea Over Rice (Ochazuke no aji),61.0
Toinette,Roalfe,troalfepl@infoseek.co.jp,F,Comedy,Inquire Within,52.0
Denny,Wilfinger,dwilfingerpm@aol.com,F,Comedy,Scorched,63.0
Doro,Carneck,dcarneckpn@csmonitor.com,Female,Drama,"Study in Terror, A",54.0
Frederick,Halling,fhallingpo@spiegel.de,Male,Documentary,"Tillman Story, The",71.0
Torrie,O'Keevan,tokeevanpp@domainmarket.com,Female,Drama,"What to Do in Case of Fire (Was tun, wenn's brennt?)",59.0
Neddie,Winchcombe,nwinchcombepq@census.gov,Female,Drama,Don Quixote,79.0
Gil,Frend,gfrendpr@independent.co.uk,Male,Comedy,Sibling Rivalry,73.0
Donnajean,Braidford,dbraidfordps@slideshare.net,Female,Drama,To Get to Heaven First You Have to Die (Bihisht faqat baroi murdagon),
Herrick,Erickson,hericksonpt@omniture.com,Male,Horror,"Tripper, The",56.0
Nichol,Derham,nderhampu@oaic.gov.au,Female,Comedy,"Family Thing, A",76.0
Sander,Crippes,scrippespv@netlog.com,Male,Horror,Bones,68.0
Laraine,Peiro,lpeiropw@moonfruit.com,female,Action,"Small Town in Texas, A",66.0
Lulita,Dibbert,ldibbertpx@i2i.jp,Female,Sci-Fi,Real Men,62.0
Murial,Scopes,mscopespy@bluehost.com,Female,Documentary,My Date with Drew,
Odette,Bonavia,obonaviapz@wikispaces.com,Female,Crime,Happy New Year (La Bonne Année),58.0
Luca,Cuchey,lcucheyq0@twitter.com,Male,Comedy,"Knack ...and How to Get It, The",61.0
Toby,Agastina,tagastinaq1@wikia.com,Male,Horror,"Cabinet of Dr. Caligari, The (Cabinet des Dr. Caligari., Das)",70.0
Hyacintha,Knevit,hknevitq2@jalbum.net,Female,Thriller,Loaded,63.0
Loella,Dieton,ldietonq3@answers.com,Female,Drama,British Intelligence,73.0
Darrelle,Rallinshaw,drallinshawq4@wsj.com,Female,Documentary,Pumping Iron II: The Women,69.0
Lonnie,Ganforth,lganforthq5@bbb.org,F,Thriller,"Fly, The",64.0
Josefa,Privost,jprivostq6@opensource.org,female,Drama,Life Is Hot in Cracktown,64.0
Ad,Just,ajustq7@huffingtonpost.com,Male,Comedy,Baby On Board,75.0
Blondie,Bonsey,bbonseyq8@yandex.ru,Female,Documentary,That's Entertainment,64.0
Nerta,Probert,nprobertq9@mayoclinic.com,Female,Comedy,Car Wash,85.0
Renee,How to preserve,rhowtopreserveqa@creativecommons.org,female,Comedy,Balls of Fury,68.0
Tab,Rohlf,trohlfqb@forbes.com,Male,Comedy,Serving Sara,60.0
Quintana,Harbron,qharbronqc@github.com,Female,Drama,Kind Hearts and Coronets,66.0
Novelia,Habbon,nhabbonqd@fastcompany.com,F,Comedy,The French Kissers,61.0
Constanta,Jopling,cjoplingqe@eventbrite.com,Female,Sci-Fi,King Kong vs. Godzilla (Kingukongu tai Gojira),62.0
Charmian,Mc Gorley,cmcgorleyqf@va.gov,Female,Drama,Cuckoo in a Dark Forest (Kukacka v temném lese) ,50.0
Westley,St. Hill,wsthillqg@oaic.gov.au,Male,Drama,Stella Maris,71.0
Bartlett,Littlechild,blittlechildqh@smh.com.au,M,Drama,Zero Dark Thirty,78.0
Andras,Volet,avoletqi@wired.com,Male,Crime,Nothing to Lose,79.0
Karylin,Coulthurst,kcoulthurstqj@youku.com,Female,Comedy,"Birder's Guide to Everything, A",70.0
Fidelity,Lax,flaxqk@mysql.com,Female,Documentary,Knuckle ,67.0
Consolata,Malpas,cmalpasql@arstechnica.com,Female,Comedy,Patton Oswalt: Finest Hour,56.0
Giffer,Cheater,gcheaterqm@utexas.edu,Male,Thriller,"Killer Meteors, The (Feng yu shuang liu xing)",64.0
Kary,Earthfield,kearthfieldqn@blinklist.com,F,Documentary,Common Threads: Stories from the Quilt,68.0
Andee,Iiannoni,aiiannoniqo@oaic.gov.au,Female,Romance,The Four Feathers,53.0
Bibby,Earey,beareyqp@spiegel.de,Female,Horror,Walled In,68.0
Niki,Blaycock,nblaycockqq@businesswire.com,male,Drama,Colorado Avenue,54.0
Cinnamon,Choupin,cchoupinqr@vkontakte.ru,Female,Sci-Fi,The Humanoid,77.0
Malissia,Comizzoli,mcomizzoliqs@arizona.edu,Female,Drama,Salem's Lot,56.0
Barney,Westcar,bwestcarqt@answers.com,Male,Romance,"Couch in New York, A",71.0
Quent,Lyall,qlyallqu@infoseek.co.jp,Male,Documentary,William Kunstler: Disturbing the Universe,66.0
Benedicto,Elegood,belegoodqv@wikipedia.org,Male,Drama,Babette's Feast (Babettes gæstebud),63.0
Phil,Pickering,ppickeringqw@sakura.ne.jp,Female,Mystery,Eyes Wide Shut,83.0
Guillemette,Purkins,gpurkinsqx@reddit.com,Female,Musical,In the Navy,68.0
Irv,Pentony,ipentonyqy@usnews.com,Male,War,Emperor,69.0
Say,Kristoffersen,skristoffersenqz@aol.com,Male,Western,They Came to Cordura,69.0
Sabine,Hansemann,shansemannr0@dedecms.com,Female,Comedy,"Bingo Long Traveling All-Stars & Motor Kings, The",75.0
Charlene,Itzhak,citzhakr1@tinypic.com,Female,Western,Zachariah,69.0
Melosa,Wison,mwisonr2@si.edu,F,Horror,Blind Date,60.0
Jess,Brumpton,jbrumptonr3@trellian.com,M,Drama,"Zed & Two Noughts, A",60.0
Tabby,Edgson,tedgsonr4@arizona.edu,Male,Horror,White: The Melody of the Curse,73.0
Bastian,Vasilchenko,bvasilchenkor5@utexas.edu,Male,Drama,"Gymnast, The",71.0
Tawsha,Salery,tsaleryr6@desdev.cn,Female,Horror,Someone's Watching Me!,59.0
Phyllis,Magnar,pmagnarr7@feedburner.com,Female,Romance,"Kiss, The",67.0
Minny,Nazareth,mnazarethr8@cyberchimps.com,F,(no genres listed),Safety Patrol,64.0
Mattheus,Roseby,mrosebyr9@cpanel.net,Male,(no genres listed),Sacred Heart,63.0
Ulrich,Feldklein,ufeldkleinra@t-online.de,Female,Horror,Saint Ange (House of Voices),65.0
Rhiamon,McAw,rmcawrb@elpais.com,Female,Documentary,Malta G.C.,68.0
Bartel,Ffoulkes,bffoulkesrc@booking.com,Male,Horror,Grimm Love (Rohtenburg),
Sylas,Moodie,smoodierd@paypal.com,male,Thriller,"Square, The",
Hedwig,Seemmonds,hseemmondsre@nyu.edu,Female,Drama,Zulu Dawn,70.0
Curtis,Creagh,ccreaghrf@biblegateway.com,M,Documentary,Henry Kissinger: Secrets of a Superpower (Henry Kissinger - Geheimnisse einer Supermacht),66.0
Carola,Esposita,cespositarg@wix.com,Female,Thriller,Wolf Creek 76.
Kora,Veelers,kveelersrh@oakley.com,Female,Documentary,DysFunktional Family,83.0
Harcourt,Cokly,hcoklyri@buzzfeed.com,Male,Drama,"Immortal Story, The (Histoire immortelle)",47.0
Cordelia,O'Calleran,cocalleranrj@devhub.com,Female,Action,Insurgent,68.0
Auguste,Zanolli,azanollirk@dmoz.org,Female,Sci-Fi,"Werewolf, The",56.0
Artemas,Sallans,asallansrl@latimes.com,M,Horror,"Fly II, The",65.0
Lamond,Chown,lchownrm@gnu.org,Male,Drama,Queen Kelly,66.0
Codie,Klimaszewski,cklimaszewskirn@devhub.com,Female,Horror,Tormented,65.0
Richy,Randleson,rrandlesonro@1688.com,male,Documentary,Olympia Part One: Festival of the Nations (Olympia 1. Teil - Fest der Völker),56.0
Giusto,Wildbore,gwildborerp@baidu.com,Male,Drama,"Last of the Mohicans, The",70.0
Rufe,Prout,rproutrq@dedecms.com,M,Documentary,"Iran Job, The",
Neville,Gatfield,ngatfieldrr@marketwatch.com,M,Drama,Wild Hearts Can't Be Broken,61.0
